ResponseId,Q1,Q2,Q3,Q4,Q5,Q6,Q7,Q8,Q9,Q10,Q11,Q12,AI Trust Score
Response ID,Which category includes your age,How much total combined money did all members of your household earn last year?,How many dependents do you have?,Would you purchase products again within the next year?,I trust AI to help me make informed purchase decisions.,I trust AI to use my purchase data to help me shop faster.,I would rather wait to talk to a real human over an AI chat bot.,AI tools (I.E chatbots) solve my customer service issues efficiently.,I will purchase something on this site again in the near future.,I am willing to share only necessary business/shopping data (consumer habits).,AI benefits me as a customer.,AI makes repeating purchases convenient.,Score
R_3VooXw7NssLHR3M,18-20,"$90,000 - $109,000",3,No,5,3,2,1,1,3,2,2,19
R_25DNldKcmHWRz2S,50-59,"$110,000 or more",2,Yes,2,1,3,2,5,5,2,4,24
R_4MzGq4JoJtuslyC,21-29,"$0 - $9,999",1,No,1,1,5,4,4,1,5,4,25
R_9GpPGvqSV460b4i,50-59,"$0 - $9,999",1,Yes,1,5,1,1,2,5,4,2,21
R_0c6ggIVQWPr6j5Q,40-49,"$0 - $9,999",2,No,1,3,5,4,5,4,1,2,25
R_6hQM0ZE5RQgaJ2S,18-20,"$50,000 - $69,000",1,Yes,4,1,4,3,2,5,5,3,27
R_3TU0pPcMiHu7mtM,21-29,"$70,000 - $89,000",1,Yes,3,2,3,3,3,2,2,3,21
R_7Op0gkIhFm0JWV8,40-49,"$70,000 - $89,000",3,No,4,3,3,5,3,5,2,2,27
R_8v8PxmpW5pINe3c,18-20,"$30,000 - $49,000",1,Yes,5,3,1,2,4,4,1,2,22
R_bC44lgYnNWC4r0G,21-29,"$0 - $9,999",2,No,3,3,1,5,1,3,4,1,21
R_887LFyoWzWVQw9U,60 or older,"$50,000 - $69,000",4 or more,No,2,5,2,1,5,2,2,1,20
R_cI6lLDCrkUGPdLU,30-39,"$30,000 - $49,000",2,No,4,3,2,1,1,4,2,2,19
R_54HtaIUCs4G631s,30-39,"$50,000 - $69,000",None,No,1,5,2,1,1,4,4,2,20
R_9yG0HZVB0yL294q,60 or older,"$70,000 - $89,000",1,Yes,5,4,5,2,2,1,5,4,28
R_71wPUQuvSH4AKk6,50-59,"$110,000 or more",2,No,5,1,3,5,1,2,3,5,25
R_7ODV4eUvAdeMRGm,40-49,"$90,000 - $109,000",1,Yes,5,1,5,5,5,1,3,5,30
R_1yO9cx4TJrdFy7Q,60 or older,"$110,000 or more",2,No,1,3,5,2,5,4,1,2,23
R_0OsQK9scbWm0you,60 or older,"$70,000 - $89,000",4 or more,Yes,2,3,1,1,4,1,4,3,19
R_4ZRYHFFHLlwTt8a,18-20,"$50,000 - $69,000",3,No,3,4,1,1,5,3,2,1,20
R_0TFRxJGAOSa6T5k,21-29,"$110,000 or more",2,No,5,4,2,2,1,1,4,1,20
R_egSbopcUnNgQVyS,21-29,"$90,000 - $109,000",3,Yes,3,3,2,5,2,1,3,2,21
R_b8HzdimCg8Eipx4,50-59,"$30,000 - $49,000",4 or more,No,5,4,4,2,3,5,3,2,28
R_dnUDUwvwliWFuey,60 or older,"$50,000 - $69,000",3,Yes,5,4,2,5,2,3,2,3,26
R_74fSyIPoG7myNaS,17 or younger,"$70,000 - $89,000",1,No,5,2,1,2,1,4,3,5,23
R_bmyD5rxhNUBBclE,40-49,"$30,000 - $49,000",3,Yes,4,4,3,1,2,5,3,2,24
R_ePXhEnI9BMWhpcO,40-49,"$90,000 - $109,000",3,No,4,5,4,5,2,4,2,2,28
R_eQK0W8ltE75fXsG,21-29,"$90,000 - $109,000",4 or more,Yes,4,2,4,5,1,5,4,4,29
R_cJdfCdFdvv4ekse,50-59,"$10,000 - $29,000",3,No,4,4,3,1,2,4,3,2,23
R_7TYBYXOWqZeDoXA,50-59,"$0 - $9,999",4 or more,Yes,5,4,5,5,3,5,1,5,33
R_6mSWubWGY6hEBQq,18-20,"$50,000 - $69,000",None,No,4,3,2,1,3,5,3,3,24
R_e2uyw9RPk2VxqK2,50-59,"$30,000 - $49,000",4 or more,Yes,2,1,1,4,5,4,3,2,22
R_9BLvRhjJaDtbwGi,18-20,"$10,000 - $29,000",3,Yes,2,5,2,2,2,3,3,3,22
R_d0TuDNyjlg4PIdo,50-59,"$70,000 - $89,000",4 or more,Yes,5,1,1,4,5,3,3,1,23
R_3UABELONJYrLJlk,30-39,"$90,000 - $109,000",1,No,2,4,2,1,1,4,1,2,17
R_3kqRcxIwbMnjMgu,40-49,"$50,000 - $69,000",None,No,4,1,5,4,3,4,3,1,25
R_3qLLmPYTh52v2Bg,21-29,"$50,000 - $69,000",4 or more,No,4,2,2,5,3,4,5,3,28
R_e4zhobjuI2On0lo,18-20,"$0 - $9,999",3,Yes,5,5,4,5,5,2,2,3,31
R_eUM84GsZoGM3q3c,30-39,"$0 - $9,999",1,Yes,5,3,5,3,1,2,3,4,26
R_74obfcxux60M4SO,17 or younger,"$0 - $9,999",4 or more,Yes,4,4,2,4,1,4,3,1,23
R_b2A12gKY5yJbRBk,50-59,"$70,000 - $89,000",1,Yes,5,4,2,5,3,4,5,4,32
R_1HevsqJAIHDDlK6,40-49,"$30,000 - $49,000",4 or more,Yes,1,4,3,5,3,3,5,4,28
R_eyVEvtQuCyeojMa,40-49,"$0 - $9,999",3,No,4,2,3,3,4,1,3,3,23
R_8dzm2L2hMfErhEq,18-20,"$10,000 - $29,000",2,Yes,3,2,3,5,1,2,5,3,24
R_9nawOCH56Yj7Jlk,21-29,"$70,000 - $89,000",3,Yes,5,2,1,5,4,2,2,3,24
R_2uDMwR19qjMcB26,60 or older,"$10,000 - $29,000",None,No,3,2,4,1,2,5,4,3,24
R_b2iBVMIs6Ng84tw,40-49,"$110,000 or more",None,No,4,3,2,3,5,5,1,2,25
R_0xFuoJ9NoonvMnc,40-49,"$30,000 - $49,000",2,No,4,1,2,4,3,3,4,4,25
R_bmejxHsgdkjbYMK,18-20,"$0 - $9,999",2,No,5,1,2,2,1,2,3,4,20
R_3elieEbqp67dpL8,50-59,"$30,000 - $49,000",1,No,2,1,5,3,2,2,4,3,22
R_8votweseaOF13mK,30-39,"$50,000 - $69,000",4 or more,Yes,3,5,1,3,4,2,5,4,27
R_3jxqfa2jTuUEq90,60 or older,"$110,000 or more",3,No,4,4,5,3,2,4,2,2,26
R_3Erf5RuVOh805wy,60 or older,"$110,000 or more",1,Yes,5,2,1,1,1,4,5,5,24
R_8IIkHRJc5eFk4bI,40-49,"$0 - $9,999",1,Yes,4,2,4,5,4,4,3,1,27
R_ehS68TRJDRSQuTI,40-49,"$50,000 - $69,000",1,Yes,5,4,2,5,5,3,3,5,32
R_7QCrk2IGp2kf7mu,60 or older,"$110,000 or more",3,No,2,4,4,2,4,3,3,4,26
R_0VWPCK6mtaUjfKe,40-49,"$10,000 - $29,000",4 or more,No,1,4,3,4,2,1,1,1,17
R_eo0i3dfADJjTf26,60 or older,"$70,000 - $89,000",2,No,3,4,3,5,2,5,1,2,25
R_5oRvwatyWLr2bNc,17 or younger,"$0 - $9,999",2,No,4,5,5,5,1,3,2,4,29
R_4ObfS1KS6OL37h4,50-59,"$10,000 - $29,000",None,No,1,5,3,4,4,5,3,5,30
R_b91s16McW4H6Kpg,40-49,"$10,000 - $29,000",None,No,2,1,1,3,3,4,1,5,20
R_1MRN1FByFrJYSQm,30-39,"$90,000 - $109,000",None,No,2,4,1,1,4,4,3,5,24
R_8dLl2cBnc8xNQDc,17 or younger,"$10,000 - $29,000",4 or more,Yes,4,2,3,3,4,5,2,1,24
R_aWBZU7JhKGUJpxs,17 or younger,"$30,000 - $49,000",3,Yes,5,3,4,4,1,3,5,3,28
R_bQQizGdYcCJW5oO,30-39,"$110,000 or more",1,Yes,2,5,2,1,2,4,1,1,18
R_26jRlAwuuqJSXcy,60 or older,"$110,000 or more",3,Yes,3,2,2,3,1,5,3,4,23
R_3QWJitOdPORWR8i,60 or older,"$50,000 - $69,000",None,No,5,2,5,1,2,1,2,4,22
R_0GLDcnP6AJ0XGWq,17 or younger,"$110,000 or more",2,Yes,3,5,5,2,1,5,3,3,27
R_0HA2Az8OzPXuPL8,50-59,"$70,000 - $89,000",None,Yes,4,5,2,2,5,2,5,5,30
R_cI985OEpjzIt9TE,50-59,"$0 - $9,999",1,No,1,5,2,4,1,2,2,2,19
R_1B39kmlHatzrNR4,17 or younger,"$10,000 - $29,000",2,No,1,1,2,1,3,5,3,5,21
R_9S8dn5NrCWkL17o,21-29,"$90,000 - $109,000",None,No,1,2,3,5,1,4,4,5,25
R_5b53iRfC6oWnGpU,17 or younger,"$0 - $9,999",None,No,5,2,5,3,3,1,1,3,23
R_9mpO4CL8p1aD92K,18-20,"$90,000 - $109,000",1,No,1,5,4,3,4,5,1,1,24
R_eIJ6lNMtZbcKePk,17 or younger,"$10,000 - $29,000",3,Yes,3,2,3,3,5,5,1,2,24
R_cvybF32v4eilOui,18-20,"$0 - $9,999",2,Yes,1,5,5,5,1,2,2,1,22
R_bxUPN0uyxWPmnTE,50-59,"$10,000 - $29,000",1,Yes,2,5,3,1,4,4,4,1,24
R_7WB7U2s693PmKKq,17 or younger,"$110,000 or more",2,No,3,5,4,3,2,2,4,2,25
R_0TxlHDW5a904FZI,21-29,"$70,000 - $89,000",None,Yes,5,1,2,4,1,2,4,5,24
R_3Egok7mRZ6p6zyK,50-59,"$50,000 - $69,000",1,Yes,5,3,3,1,1,4,2,5,24
R_1A39vtgwnqukku2,30-39,"$50,000 - $69,000",4 or more,No,1,3,1,4,2,5,1,2,19
R_0OHtS8i2GLjXEbk,40-49,"$110,000 or more",1,Yes,5,2,3,3,1,3,3,2,22
R_81X5BzmxYipNvzo,21-29,"$90,000 - $109,000",3,No,3,4,5,4,1,5,3,1,26
R_aVKYwqcjm5OVEB8,17 or younger,"$110,000 or more",3,No,5,5,4,4,2,4,4,5,33
R_06zkQaBHV1XjL7M,40-49,"$90,000 - $109,000",1,Yes,1,1,4,4,4,1,3,2,20
R_dm95FLnd8iRXwh0,18-20,"$10,000 - $29,000",2,Yes,2,4,2,1,2,3,1,5,20
R_9TYmwHuI89n8B70,18-20,"$110,000 or more",1,No,3,4,1,5,5,2,2,3,25
R_e98kZmQK6nGXByu,21-29,"$50,000 - $69,000",3,Yes,2,4,4,4,5,1,5,3,28
R_0CBVjnBCG9Ly00m,18-20,"$0 - $9,999",4 or more,No,3,3,4,5,3,2,4,2,26
R_cIs2r3P2iiAuG4C,30-39,"$90,000 - $109,000",3,No,3,3,1,1,3,3,5,4,23
R_7QFBVFfilEibf8y,18-20,"$30,000 - $49,000",1,No,4,3,3,2,2,5,5,1,25
R_8cQ9wtg4HQwjON8,18-20,"$10,000 - $29,000",2,Yes,1,1,4,5,2,2,5,2,22
R_6S8TRpfIQ1NSpYG,18-20,"$50,000 - $69,000",3,Yes,4,3,2,1,5,1,5,4,25
R_8iGO1JYsmjIJzym,17 or younger,"$90,000 - $109,000",4 or more,No,2,2,2,5,3,5,2,5,26
R_2b2T60ut5j0n5LU,30-39,"$70,000 - $89,000",4 or more,Yes,3,4,2,5,2,3,1,2,22
R_7Pz4wkkYXcRVedM,21-29,"$10,000 - $29,000",4 or more,No,5,1,1,3,5,3,5,2,25
R_3wIM7A6U7koMa7Y,17 or younger,"$0 - $9,999",2,Yes,1,4,4,4,3,5,4,4,29
R_6gH2RngcBwvORoi,18-20,"$110,000 or more",None,No,2,1,1,2,4,4,4,4,22
R_37PmTcCf8kRBrjE,17 or younger,"$70,000 - $89,000",3,No,3,1,4,4,2,5,1,5,25
R_2nRJ1scRKsOsqKa,60 or older,"$10,000 - $29,000",3,Yes,3,2,3,1,3,4,1,4,21
R_6gKwhx8831zfCCO,18-20,"$90,000 - $109,000",2,Yes,5,4,4,5,2,2,2,2,26
R_55fpq2dEzwitwfY,60 or older,"$30,000 - $49,000",3,Yes,1,4,2,2,5,3,1,5,23
R_4IQCPTI58frQWrQ,30-39,"$70,000 - $89,000",3,Yes,3,2,4,4,5,5,3,1,27
R_dnkuREIeie9CCUe,18-20,"$0 - $9,999",1,No,4,3,1,3,5,2,1,3,22
R_3yBMxecxft9b9T8,50-59,"$90,000 - $109,000",1,No,1,3,3,2,5,5,2,4,25
R_cByYIztlK3Fp0Ro,50-59,"$70,000 - $89,000",None,Yes,5,4,5,1,3,1,2,3,24
R_bJDyXDHImbawf5A,30-39,"$90,000 - $109,000",4 or more,No,1,4,3,2,1,5,4,1,21
R_018ElNk1vAjHd2e,18-20,"$10,000 - $29,000",3,No,2,1,2,2,3,1,4,1,16
R_eX3QBrE9ce97poa,60 or older,"$30,000 - $49,000",3,Yes,5,3,3,4,3,1,5,1,25
R_1ENHMBVI9D03qM6,50-59,"$0 - $9,999",3,No,2,2,4,2,4,4,4,5,27
R_0rpAmdCOKF8VLiC,60 or older,"$10,000 - $29,000",4 or more,Yes,4,4,5,2,3,2,3,1,24
R_1zUUJg6npBJ5AJo,30-39,"$90,000 - $109,000",1,No,3,4,3,4,1,3,4,2,24
R_eaIdIVHjvzynvr8,40-49,"$0 - $9,999",1,No,1,5,5,1,3,5,1,2,23
R_9MmMqf0oMlDeVW6,21-29,"$70,000 - $89,000",3,No,5,2,4,1,5,2,2,4,25
R_5z0ZilDiEgNefem,60 or older,"$70,000 - $89,000",3,Yes,2,4,1,1,5,4,3,2,22
R_6YiX356x2N0yf5k,50-59,"$70,000 - $89,000",3,Yes,5,5,1,4,5,2,1,5,28
R_eyfsEGT7SCSR9SC,60 or older,"$50,000 - $69,000",1,No,3,1,4,2,3,4,4,2,23
R_40EGClbmbDTLKfA,30-39,"$90,000 - $109,000",4 or more,Yes,1,5,3,5,1,3,5,2,25
R_cJd9xMxBs9olGHc,60 or older,"$0 - $9,999",None,No,5,4,2,3,4,2,2,1,23
R_88kdEYMxQnXBPyC,30-39,"$50,000 - $69,000",1,No,2,2,4,5,2,3,3,2,23
R_eEFpC1bWVlubEY6,60 or older,"$50,000 - $69,000",None,No,1,4,2,3,3,4,3,4,24
R_eFeEKsahlRWSSa2,50-59,"$50,000 - $69,000",4 or more,No,2,2,2,3,5,2,2,3,21
R_3Jo1gWeVxtiRvtY,30-39,"$30,000 - $49,000",None,No,5,2,1,1,4,3,3,5,24
R_1Bziokzbu3K7MhM,21-29,"$30,000 - $49,000",1,Yes,5,1,2,3,4,1,4,1,21
R_2bhZtPSrWW2PcN0,50-59,"$50,000 - $69,000",2,No,4,2,3,2,1,4,2,4,22
R_6sX1pNHBw3iFwfY,18-20,"$10,000 - $29,000",1,Yes,2,5,2,1,1,4,1,1,17
R_5gTA4XXhEm7M4rc,18-20,"$110,000 or more",None,Yes,1,2,3,5,2,5,3,1,22
R_8cSBZmBZJXg6svQ,60 or older,"$30,000 - $49,000",4 or more,Yes,2,4,1,3,5,5,2,1,23
R_2nMiKATaO9hcvnU,21-29,"$10,000 - $29,000",None,Yes,1,2,5,5,2,3,5,3,26
R_bD89OJDDCbLwLNI,60 or older,"$0 - $9,999",1,No,1,5,2,3,3,2,4,3,23
R_2oEg5Us1yQHquDc,21-29,"$110,000 or more",3,No,4,2,2,5,3,2,4,4,26
R_5jP07oZBLEG2Tno,17 or younger,"$30,000 - $49,000",None,Yes,5,2,5,2,3,3,2,4,26
R_0q7b2BMIkbLNE2O,21-29,"$0 - $9,999",1,Yes,1,2,1,4,5,5,4,5,27
R_b3mjTWAR91nr40e,30-39,"$0 - $9,999",2,Yes,5,4,1,3,1,4,2,5,25
R_6KbEk0dti9i4nBA,21-29,"$0 - $9,999",None,No,1,4,1,4,4,3,2,3,22
R_cZNT7Fma0UrKnUG,17 or younger,"$10,000 - $29,000",None,Yes,2,1,5,2,2,4,1,1,18
R_0rcTFhN5vNZWqAm,50-59,"$90,000 - $109,000",None,Yes,1,5,4,1,4,1,1,1,18
R_7QARoi3AGUp3Xim,60 or older,"$110,000 or more",2,No,1,4,5,1,4,3,2,3,23
R_bforpZRzkoGnTRY,60 or older,"$50,000 - $69,000",3,Yes,2,3,4,3,3,3,5,2,25
R_6Wsyh38WF1IN73E,18-20,"$70,000 - $89,000",1,Yes,4,4,3,3,5,4,1,2,26
R_6RR4bx7kzu5OOnY,21-29,"$90,000 - $109,000",1,No,4,4,3,2,2,1,3,2,21
R_0Baovq865kDuBHo,18-20,"$70,000 - $89,000",4 or more,No,2,1,2,4,1,4,5,4,23
R_8cfnfB6hox3Prca,18-20,"$70,000 - $89,000",4 or more,Yes,3,5,1,3,3,5,1,1,22
R_8qT2v4pnaZytfLw,17 or younger,"$90,000 - $109,000",4 or more,No,1,5,1,1,2,1,3,1,15
R_832f2jpElfgSmKG,40-49,"$110,000 or more",1,Yes,3,4,1,3,2,1,4,4,22
R_ahFBonMJzUj5G5M,17 or younger,"$70,000 - $89,000",2,No,5,2,2,5,1,4,1,5,25
R_6G56LUfvI525Vj0,50-59,"$110,000 or more",4 or more,Yes,2,5,4,4,1,4,2,4,26
R_cSAJRKX6IBbzw7I,18-20,"$50,000 - $69,000",4 or more,Yes,2,2,1,1,3,2,1,4,16
R_5zrwddROMmzykaW,18-20,"$110,000 or more",4 or more,No,2,1,5,4,2,1,2,1,18
R_2sZjiWCWaS31HMy,40-49,"$50,000 - $69,000",1,No,4,4,3,2,4,2,5,4,28
R_6nEYOvbdj3nnq9E,21-29,"$30,000 - $49,000",4 or more,No,2,1,3,1,3,5,1,5,21
R_3n6XaWCFu3hYp8O,50-59,"$0 - $9,999",1,Yes,3,5,2,1,2,5,3,2,23
R_9SspbbGvQNiW7LE,18-20,"$50,000 - $69,000",3,No,5,3,3,4,1,3,5,4,28
R_erl8mCMRnG7bZX0,60 or older,"$110,000 or more",None,Yes,2,2,3,4,5,4,3,2,25
R_bCKO70kZySmOMey,40-49,"$90,000 - $109,000",None,No,2,5,1,3,2,2,1,3,19
R_3w092iSsQNbsHky,30-39,"$30,000 - $49,000",1,No,4,3,3,2,2,5,3,3,25
R_dglkQtrVSGj0iBE,50-59,"$110,000 or more",1,Yes,2,2,2,4,3,3,3,5,24
R_eRNqOzCs187Xfds,40-49,"$50,000 - $69,000",1,Yes,2,2,1,2,2,5,2,3,19
R_0JUfncVWRYUDeWa,17 or younger,"$70,000 - $89,000",2,Yes,3,3,2,5,1,1,3,1,19
R_8rbEp5C76ytoIV8,40-49,"$30,000 - $49,000",4 or more,No,3,5,1,5,4,2,4,5,29
R_cIMHb3BA2GyoNwO,17 or younger,"$90,000 - $109,000",1,No,4,4,3,5,1,5,5,3,30
R_d5twv0oiY3hzKNE,60 or older,"$70,000 - $89,000",3,Yes,2,2,5,4,1,5,3,1,23
R_cCo8xYXHVZsVvQG,40-49,"$110,000 or more",2,No,5,5,4,5,2,5,1,4,31
R_6r6tG6Hs7pRgRJI,40-49,"$110,000 or more",2,No,3,5,1,1,3,5,3,4,25
R_1F7QzcL7zSYw1FA,60 or older,"$50,000 - $69,000",2,No,2,1,2,3,4,1,1,4,18
R_5BaCVwyD8T2rAZo,30-39,"$50,000 - $69,000",1,Yes,5,4,1,5,5,4,3,2,29
R_79FNKsHfpCRXDOC,40-49,"$10,000 - $29,000",3,Yes,2,5,5,2,5,5,2,4,30
R_3sihe6Kny7qn2u2,40-49,"$70,000 - $89,000",None,No,2,5,4,1,2,4,5,4,27
R_8CIylMGrXDwbhRQ,30-39,"$0 - $9,999",2,Yes,5,2,2,4,4,2,4,5,28
R_0qde28CLtvo61Se,18-20,"$0 - $9,999",1,No,1,4,3,5,2,3,4,5,27
R_7QcOJNNcWRU0NBY,21-29,"$30,000 - $49,000",1,No,2,3,1,2,4,2,5,2,21
R_5juiWixbaSFZAoe,50-59,"$30,000 - $49,000",1,Yes,3,3,5,2,4,1,2,4,24
R_bBmqIGOatZeUCsS,17 or younger,"$0 - $9,999",3,Yes,1,1,3,1,3,3,2,2,16
R_eqzSnyqG8jXeIbs,18-20,"$30,000 - $49,000",4 or more,Yes,1,2,1,4,5,3,3,3,22
R_78I04pAMUaIhFEa,40-49,"$0 - $9,999",3,Yes,3,5,5,1,5,5,3,2,29
R_5pOfjD3FTy7PVvo,30-39,"$90,000 - $109,000",3,Yes,5,2,4,4,1,2,1,2,21
R_6SANxo8UZjpnSMC,17 or younger,"$30,000 - $49,000",1,No,3,3,3,1,5,4,5,5,29
R_1QZZSOJ4F0q3NEq,18-20,"$30,000 - $49,000",3,No,1,3,2,1,5,4,2,3,21
R_1MPhLHCeHH5CcDQ,30-39,"$70,000 - $89,000",3,Yes,3,2,5,4,2,3,1,1,21
R_eXbnbkvw7VQT3xA,50-59,"$90,000 - $109,000",2,No,5,1,2,2,2,2,3,2,19
R_3U86uoYM38gNsb4,18-20,"$110,000 or more",1,No,5,4,5,1,1,2,2,5,25
R_a4aaM55mvawBoYm,30-39,"$90,000 - $109,000",2,No,3,4,1,1,1,5,5,5,25
R_8qtUavN0SJr9o6W,60 or older,"$30,000 - $49,000",4 or more,Yes,5,2,1,4,5,1,5,3,26
R_3Ko6X0hjyrVeNMO,40-49,"$50,000 - $69,000",3,Yes,3,3,3,4,1,2,5,4,25
R_a9r8fhMaJ5RIUJ0,17 or younger,"$0 - $9,999",2,No,1,1,4,4,4,5,4,1,24
R_8lkIOESUB6MLZ1s,60 or older,"$70,000 - $89,000",1,Yes,2,2,4,1,4,2,3,4,22
R_9MJLFvhvbfsxmJ0,18-20,"$30,000 - $49,000",1,No,1,5,5,5,5,3,4,5,33
R_dgxODRSodMNMBsG,18-20,"$30,000 - $49,000",None,Yes,4,4,4,3,1,4,2,2,24
R_9SmsVfzPuP91dFc,17 or younger,"$70,000 - $89,000",1,No,1,5,1,4,4,5,3,1,24
R_eLpjd8AOYVxIH0q,18-20,"$10,000 - $29,000",None,Yes,4,4,4,4,4,3,4,3,30
R_0fGcmVWhg3UMbt4,50-59,"$30,000 - $49,000",None,Yes,2,5,4,5,1,5,3,2,27
R_55RWGaIL9U90RSu,60 or older,"$70,000 - $89,000",2,No,5,3,2,2,3,1,2,5,23
R_9yq4LLb0f033cdE,40-49,"$110,000 or more",2,Yes,4,2,5,5,5,4,3,5,33
R_2mkJ5hjzVscvf4q,40-49,"$90,000 - $109,000",None,Yes,4,4,1,2,1,1,1,1,15
R_4P0ibQMszM32uNw,60 or older,"$10,000 - $29,000",None,Yes,5,3,2,2,2,5,5,1,25
R_0rJasOqBsMHteV8,60 or older,"$0 - $9,999",None,Yes,2,2,2,1,3,5,1,2,18
R_3PgDlMA0dSkz3HU,60 or older,"$30,000 - $49,000",3,Yes,2,2,1,2,1,3,2,2,15
R_e5HDHMsnSUxHy8C,21-29,"$10,000 - $29,000",2,Yes,4,1,3,4,4,3,3,3,25
R_0j3ebvDGVASBVae,21-29,"$50,000 - $69,000",2,No,1,5,2,2,1,2,1,2,16
R_8xplwcBQ6D9xdgq,50-59,"$10,000 - $29,000",2,Yes,4,1,4,4,3,4,3,1,24
R_0c5PllP8h9a2QEC,40-49,"$50,000 - $69,000",4 or more,No,1,1,5,1,4,4,4,3,23
R_0iBTHhFrPoqiejQ,21-29,"$10,000 - $29,000",1,No,2,2,5,3,5,2,5,5,29
R_bwGwrHxGVHXyTgq,17 or younger,"$90,000 - $109,000",3,Yes,4,2,4,1,5,5,3,5,29
R_5hitchUvfXw43eC,18-20,"$90,000 - $109,000",None,No,4,2,1,4,3,2,1,3,20
R_8nXTJkRhkBiMXJ4,18-20,"$0 - $9,999",3,No,2,4,4,2,5,4,5,2,28
R_a3H3jaWd3MkCMhE,17 or younger,"$90,000 - $109,000",3,No,4,4,3,3,4,3,4,4,29
R_2fpwdbYbboLD2hU,17 or younger,"$90,000 - $109,000",3,Yes,1,2,2,1,3,1,5,5,20
R_bD68LY8N7bUzjQG,50-59,"$10,000 - $29,000",1,Yes,1,4,1,4,2,4,3,4,23
R_5sClBuo4k2m16h8,17 or younger,"$30,000 - $49,000",1,Yes,1,4,1,2,2,2,2,1,15
R_b2D7So2XDaWPJ6C,40-49,"$30,000 - $49,000",None,Yes,4,5,3,4,2,4,4,4,30
R_3VL3Np8mzbolPT0,40-49,"$50,000 - $69,000",None,Yes,5,1,2,2,5,5,1,3,24
R_9ofRveJmUSLbx42,60 or older,"$70,000 - $89,000",3,No,4,3,2,4,5,5,5,2,30
R_0ig26G4qrvnpq5M,40-49,"$90,000 - $109,000",2,No,1,1,5,3,1,5,4,1,21
R_6EWQ6zs9BkXeqCW,18-20,"$0 - $9,999",2,Yes,5,3,5,1,4,5,5,4,32
R_2bj1dAggWO55if4,30-39,"$0 - $9,999",3,Yes,1,1,3,1,3,5,4,5,23
R_9nIVtXh4XY9GnHg,21-29,"$70,000 - $89,000",None,No,1,4,4,5,2,3,5,3,27
R_a2Gz44tRBM6turs,60 or older,"$0 - $9,999",None,No,3,3,5,5,2,4,1,5,28
R_50T0H9eSU6NSnXg,30-39,"$50,000 - $69,000",1,Yes,2,4,1,5,3,3,4,4,26
R_byphwn1M5YpgtNQ,17 or younger,"$90,000 - $109,000",2,No,2,5,4,4,4,3,1,2,25
R_3mhOAY2FZYwko9E,50-59,"$110,000 or more",1,No,2,5,3,4,3,3,5,2,27
R_e4FoEu8dfVIvGEm,30-39,"$70,000 - $89,000",2,Yes,3,5,2,4,5,2,2,2,25
R_71WgCOu3jnticey,18-20,"$10,000 - $29,000",3,No,5,1,2,1,4,4,5,4,26
R_3L4LEMbzWDPPiT4,17 or younger,"$30,000 - $49,000",None,No,2,5,4,1,4,2,4,4,26
R_9mEN5NhLaYK8GmW,50-59,"$90,000 - $109,000",4 or more,Yes,4,2,2,1,3,2,4,5,23
R_3QTKkyDC6XqrHw2,40-49,"$90,000 - $109,000",2,No,1,4,2,3,4,4,1,3,22
R_7P46E2NQ951Njoi,18-20,"$0 - $9,999",1,Yes,5,2,5,5,5,4,2,3,31
R_9RdeyCwcdTJOhyS,17 or younger,"$90,000 - $109,000",None,No,1,5,1,4,5,2,5,5,28
R_a3QWEfEv9tda6vs,17 or younger,"$90,000 - $109,000",None,No,2,3,1,4,3,3,2,4,22
R_cYhi56F8J26IRqS,60 or older,"$70,000 - $89,000",None,No,3,3,2,2,1,3,1,3,18
R_2iyIWo6FsoGUDm6,17 or younger,"$50,000 - $69,000",4 or more,No,4,5,1,4,1,3,4,5,27
R_0CHlY15RPVVc0NE,17 or younger,"$0 - $9,999",1,Yes,5,1,4,5,5,2,4,2,28
R_eScL4mcypVH6vSC,30-39,"$50,000 - $69,000",3,Yes,3,5,3,1,5,2,4,3,26
R_efA8wubDsqTCbQi,50-59,"$10,000 - $29,000",None,Yes,5,2,3,2,4,1,4,5,26
R_0ijZENuRu1yRyaa,17 or younger,"$0 - $9,999",3,Yes,4,1,4,5,1,1,1,3,20
R_ehRlr5mIaWIQajQ,21-29,"$70,000 - $89,000",2,No,3,5,4,5,1,2,3,3,26
R_8HRAEIcN9iJYVRI,21-29,"$10,000 - $29,000",1,Yes,4,3,4,4,1,1,2,2,21
R_bORCv6ZuZtwWSYC,18-20,"$70,000 - $89,000",1,No,3,3,4,1,3,3,4,2,23
R_agWqPmkYI1HcqMu,50-59,"$70,000 - $89,000",2,Yes,3,1,4,2,1,2,1,5,19
R_8jGHdhCq6YrHZJA,18-20,"$50,000 - $69,000",1,Yes,3,5,3,5,5,1,3,1,26
R_7agAf0KxFek8e0u,60 or older,"$110,000 or more",3,Yes,1,3,1,5,2,4,1,5,22
R_9BTYPolFFnx87Hw,50-59,"$0 - $9,999",2,Yes,5,4,2,5,4,5,4,5,34
R_eRSckLQQNYTHut0,50-59,"$30,000 - $49,000",None,No,5,1,3,4,3,5,1,5,27
R_cHcxx5usd2bQ8Si,60 or older,"$110,000 or more",1,No,2,3,3,3,3,5,1,4,24
R_ezhBJmrbXxK12T4,50-59,"$0 - $9,999",4 or more,No,5,2,3,3,1,5,2,1,22
R_9sM3NSqYNjPdZUG,17 or younger,"$0 - $9,999",1,No,3,5,5,1,3,1,1,4,23
R_8AgeBd6Q20QjmAu,21-29,"$70,000 - $89,000",1,Yes,2,5,3,4,3,1,3,2,23
R_2sZeX5UgtdQaer4,40-49,"$10,000 - $29,000",4 or more,Yes,4,4,5,4,5,1,4,1,28
R_4VLxDAK7ev2grWu,18-20,"$30,000 - $49,000",2,Yes,5,1,2,3,4,4,2,3,24
R_eeNNPao9cIqQftk,40-49,"$50,000 - $69,000",None,Yes,4,5,3,2,3,5,3,4,29
R_3lN1lARfjX2uN6e,18-20,"$70,000 - $89,000",2,No,1,2,1,4,3,2,1,3,17
R_1AkIbSy04auDxqu,17 or younger,"$90,000 - $109,000",3,Yes,1,1,3,2,4,4,2,1,18
R_57Pm4QbY9FAw7k2,40-49,"$90,000 - $109,000",3,Yes,4,4,3,3,2,1,4,2,23
R_bBnmPP2E7EnVqLA,17 or younger,"$0 - $9,999",2,Yes,2,2,4,4,5,1,4,5,27
R_cU7vMzbQtMvU03I,40-49,"$90,000 - $109,000",4 or more,No,5,1,2,3,2,3,1,3,20
R_eh79wWXcrfb2LJQ,18-20,"$10,000 - $29,000",None,Yes,5,1,1,4,3,5,1,4,24
R_9yT6z5ZuNLfgMEm,40-49,"$110,000 or more",4 or more,Yes,3,3,5,4,5,4,5,1,30
R_4Ynpk1YnV4WkUC2,40-49,"$30,000 - $49,000",3,Yes,4,3,1,2,3,1,4,5,23
R_e3SXnbbK1T7M3Fc,21-29,"$0 - $9,999",3,Yes,1,2,3,3,2,4,2,3,20
R_6EbnJ5iUhAoSdzo,60 or older,"$110,000 or more",1,No,1,5,5,3,2,4,4,5,29
R_2lR5lplGrb5sA86,50-59,"$90,000 - $109,000",2,No,3,2,2,1,4,3,4,2,21
R_bEoCpt7cUL6Yxhk,50-59,"$0 - $9,999",1,Yes,1,3,5,4,5,2,3,1,24
R_1RhVF4gjGp8jQEe,21-29,"$30,000 - $49,000",None,Yes,1,3,3,3,4,5,2,3,24
R_a5ezXp8HtQGnqbs,50-59,"$110,000 or more",2,No,5,3,4,1,5,3,2,1,24
R_6GbZo7mJTZ9x6S2,60 or older,"$90,000 - $109,000",2,No,4,3,4,4,2,1,4,2,24
R_aUYuP6AlKoWvv94,17 or younger,"$30,000 - $49,000",4 or more,Yes,5,4,5,2,1,2,3,5,27
R_1GmmcEkhY2dwFf0,17 or younger,"$110,000 or more",None,Yes,5,5,5,1,1,4,3,4,28
R_8AfSeIYakPlveOa,30-39,"$50,000 - $69,000",2,No,2,1,3,2,4,1,4,3,20
R_9mmLrgV6SVCDn5Y,17 or younger,"$110,000 or more",1,Yes,4,1,4,2,5,3,1,1,21
R_3EQ1N8GfM9bYFmK,50-59,"$50,000 - $69,000",2,Yes,2,1,5,3,1,5,3,4,24
R_2f56Tv45rhvjJtA,60 or older,"$90,000 - $109,000",1,No,2,3,1,1,5,1,5,3,21
R_eqDU2iH5E9ws2Am,50-59,"$0 - $9,999",3,No,1,2,2,5,5,1,2,4,22
R_8wdt7IR0nlWIX4i,21-29,"$10,000 - $29,000",2,No,4,3,3,2,5,3,3,4,27
R_etSvmQEpQa2JODA,40-49,"$70,000 - $89,000",1,No,1,5,4,2,4,5,5,1,27
R_88NDwTwwzPtHu4e,60 or older,"$50,000 - $69,000",3,Yes,4,2,1,4,1,2,4,4,22
R_0rhqsV8p4pi8AiG,18-20,"$70,000 - $89,000",3,Yes,2,3,2,5,1,5,4,3,25
R_b9FqmY37FQedE8e,30-39,"$50,000 - $69,000",4 or more,Yes,1,2,4,2,4,2,2,1,18
R_b87StkA4XhxdRGe,30-39,"$110,000 or more",3,No,3,1,1,2,1,3,2,5,18
R_8CYLsdf0123Q474,21-29,"$70,000 - $89,000",1,Yes,4,3,4,4,3,4,2,2,26
R_czRk9n5u55ESkn4,21-29,"$90,000 - $109,000",4 or more,No,3,5,3,5,4,3,3,4,30
R_6sMujnp8vEcepVk,21-29,"$10,000 - $29,000",1,No,2,2,5,1,1,4,5,5,25
R_2a9bKBowGzzndeC,17 or younger,"$10,000 - $29,000",1,No,5,3,5,5,3,3,1,5,30
R_eULG8nw6zbBFYFg,18-20,"$30,000 - $49,000",3,No,5,2,2,5,5,4,3,3,29
R_2ltXU2vuNoufjP8,18-20,"$90,000 - $109,000",4 or more,Yes,3,5,4,3,3,3,3,2,26
R_beW1ZlWEsySMDtk,17 or younger,"$110,000 or more",None,Yes,3,3,5,5,5,1,1,4,27
R_1SOUQ2XESH0nRWe,30-39,"$10,000 - $29,000",None,No,3,1,2,1,1,1,1,2,12
R_3WNUWmQPRuXteCy,18-20,"$110,000 or more",2,No,5,2,4,2,3,4,2,3,25
R_55OEb2pq62I3cy2,40-49,"$0 - $9,999",2,No,3,1,5,4,4,3,3,3,26
R_8wW8wT6d2WfgJqC,30-39,"$50,000 - $69,000",None,Yes,3,1,5,2,5,1,3,3,23
R_3Rh7USLN5xw3wq2,18-20,"$10,000 - $29,000",3,Yes,5,4,4,1,2,5,2,1,24
R_6nkIBDi86THu6R8,18-20,"$110,000 or more",4 or more,Yes,1,4,2,3,2,1,3,5,21
R_e9yiOYTscR7nFvo,30-39,"$110,000 or more",4 or more,No,3,1,1,2,5,5,3,3,23
R_73Ar44mKBQ1VzjE,21-29,"$90,000 - $109,000",2,Yes,1,2,3,2,5,5,1,5,24
R_diZ2NgpZnmxW0n4,60 or older,"$110,000 or more",None,Yes,2,3,2,4,4,4,5,2,26
R_4UUtuVcL5nWV2U6,18-20,"$30,000 - $49,000",1,No,4,1,1,1,2,5,5,4,23
R_cUs9TG3NMcNUors,18-20,"$30,000 - $49,000",None,No,2,2,2,1,1,3,5,5,21
R_e2SE0EMPxVkdpHg,30-39,"$10,000 - $29,000",4 or more,No,5,4,3,2,5,5,4,1,29
R_4ImOxnHYOi869ro,30-39,"$90,000 - $109,000",1,No,1,3,2,2,4,4,1,4,21
R_79AdrKBkrBtqhoy,50-59,"$110,000 or more",2,No,5,1,4,1,3,2,1,2,19
R_3V3BpczyaNqtnVk,50-59,"$90,000 - $109,000",2,Yes,4,5,5,3,1,5,1,1,25
R_3I2JDZRTCJFaVEy,60 or older,"$70,000 - $89,000",3,Yes,2,2,1,2,5,1,3,4,20
R_0oC224duOGT1QR8,17 or younger,"$90,000 - $109,000",2,Yes,3,5,5,5,1,1,1,4,25
R_9Ks1xJ5LCS9ndJA,17 or younger,"$70,000 - $89,000",1,Yes,3,1,1,3,4,3,1,3,19
R_9GOYBvrII9K35n8,50-59,"$30,000 - $49,000",None,No,3,5,1,3,5,5,4,1,27
R_3fVP6NcPNeFf1Ou,40-49,"$50,000 - $69,000",3,No,3,3,2,5,3,2,2,2,22
R_bQrC60MNvhLrKXs,17 or younger,"$10,000 - $29,000",3,No,5,1,4,3,5,2,5,1,26
R_bw5X7gzoiefA7b0,21-29,"$0 - $9,999",2,Yes,3,5,5,1,4,1,2,2,23
R_dokLY0ZUVP5FH38,60 or older,"$90,000 - $109,000",3,No,2,1,2,4,2,2,5,1,19
R_3jRNYt1kWXCDJdQ,60 or older,"$10,000 - $29,000",None,No,1,4,5,4,5,5,2,2,28
R_9H7Fag32SAlozOu,21-29,"$110,000 or more",4 or more,No,5,1,3,2,5,4,5,1,26
R_3WOVg5bs1HOB3mu,60 or older,"$0 - $9,999",3,Yes,3,3,1,4,2,4,3,5,25
R_9Epm8AMAcagWzIO,50-59,"$10,000 - $29,000",None,No,1,5,1,3,5,2,1,2,20
R_71Bd3QYFJ5totYG,40-49,"$30,000 - $49,000",None,No,2,1,2,3,5,5,1,3,22
R_82DVowGnYT1TII6,21-29,"$30,000 - $49,000",2,Yes,2,1,2,1,5,4,5,2,22
R_9uZGUe6sAexqheK,17 or younger,"$10,000 - $29,000",None,Yes,1,5,5,4,1,2,2,5,25
R_2aH2HmOtlbV1wc6,40-49,"$30,000 - $49,000",4 or more,Yes,1,5,1,5,4,5,1,1,23
R_4SpCjqRw1igOgQe,17 or younger,"$50,000 - $69,000",3,Yes,5,3,2,5,1,3,2,3,24
R_8hMqECcUHuILK5w,21-29,"$110,000 or more",1,Yes,1,1,1,3,3,1,4,1,15
R_ewFR4fOI0zON1gW,21-29,"$0 - $9,999",None,No,3,1,1,2,3,3,5,1,19
R_aVrB93hTyb3O5ZY,21-29,"$90,000 - $109,000",1,No,4,2,1,4,1,2,3,2,19
R_0qxrhY4XpsQ08Qu,21-29,"$70,000 - $89,000",None,No,5,4,4,4,4,1,5,5,32
R_cORn7EgE7mQbpcy,17 or younger,"$30,000 - $49,000",3,Yes,4,5,5,1,5,2,4,3,29
R_0w8I232gyph8EqW,40-49,"$30,000 - $49,000",4 or more,Yes,4,5,3,2,2,3,3,4,26
R_0rfMjbQMvDyUwLQ,18-20,"$90,000 - $109,000",1,Yes,5,2,5,4,1,3,2,4,26
R_0T9lUtSzQEqorPM,18-20,"$30,000 - $49,000",1,Yes,5,5,1,5,3,4,2,4,29
R_8CdKmrHQHsYmlIa,17 or younger,"$30,000 - $49,000",1,Yes,3,3,1,2,4,2,4,4,23
R_9oGVgJXpc0oN5wa,30-39,"$90,000 - $109,000",3,Yes,5,2,5,3,5,2,5,4,31
R_7OPO1kpyd6ZPNfU,17 or younger,"$70,000 - $89,000",4 or more,Yes,5,3,3,3,5,3,4,5,31
R_3fLE4UGpHb2lGT4,60 or older,"$90,000 - $109,000",None,Yes,2,2,5,2,5,3,5,3,27
R_aW33cAcL8jc24aa,50-59,"$50,000 - $69,000",4 or more,No,4,5,4,4,4,4,3,3,31
R_6mSG8Fr6BTsDOQe,21-29,"$70,000 - $89,000",3,No,1,4,1,5,2,5,1,2,21
R_bK1a6KhnuyLevaK,40-49,"$70,000 - $89,000",3,Yes,1,4,3,4,3,1,1,1,18
R_b2UWSHTPCyxgdMO,50-59,"$50,000 - $69,000",4 or more,Yes,5,3,1,3,5,5,1,2,25
R_7VwSLwibYSn0v6S,60 or older,"$70,000 - $89,000",None,Yes,1,1,1,5,3,3,3,1,18
R_6VEnx1FzxHcpew6,40-49,"$30,000 - $49,000",4 or more,No,1,4,1,4,1,3,5,4,23
R_6XVCkHSrSwCWqi2,17 or younger,"$10,000 - $29,000",1,No,1,4,4,1,5,5,5,5,30
R_5uKAk13ID0MiBPU,50-59,"$70,000 - $89,000",4 or more,No,4,5,3,5,5,5,5,4,36
R_0MMCkM6WjIy3RpI,50-59,"$90,000 - $109,000",4 or more,Yes,5,5,2,4,3,5,3,5,32
R_bl4cJbI1D0vGNMi,30-39,"$50,000 - $69,000",1,No,1,2,1,5,1,2,4,2,18
R_4SFMnI19oW6imVw,17 or younger,"$90,000 - $109,000",None,No,2,1,3,3,5,3,1,5,23
R_bNNIVaLJVagFKGW,60 or older,"$50,000 - $69,000",4 or more,Yes,1,4,5,3,5,1,1,5,25
R_8ea1UjmhTnNRehU,40-49,"$0 - $9,999",3,Yes,2,4,2,2,4,3,5,5,27
R_8BaU04kK7P633aS,18-20,"$50,000 - $69,000",2,Yes,4,4,1,5,3,3,3,1,24
R_e9W0Lt4rUlQk0Zg,30-39,"$0 - $9,999",1,No,4,5,5,5,4,4,2,1,30
R_9SmviZhEJGPaD7E,17 or younger,"$50,000 - $69,000",3,No,2,2,3,5,4,1,5,2,24
R_3OTMpgiUVyHK4Fo,40-49,"$90,000 - $109,000",None,Yes,1,4,1,4,1,1,2,3,17
R_3EmLpyR4Y95Lwh0,60 or older,"$90,000 - $109,000",4 or more,No,5,4,3,3,3,4,4,2,28
R_0CKx3CQlul1NXLw,50-59,"$50,000 - $69,000",3,Yes,3,3,5,4,5,4,3,4,31
R_0rMPE3rRGPb3RlQ,60 or older,"$110,000 or more",3,No,5,5,1,5,1,3,4,3,27
R_0CwP109MU2jxJfo,60 or older,"$0 - $9,999",3,No,1,1,2,3,1,1,5,4,18
R_8qfSWNFbTbX3gYm,50-59,"$30,000 - $49,000",1,Yes,2,2,3,2,3,3,5,2,22
R_0AQflQiZUesh7OC,18-20,"$10,000 - $29,000",1,No,2,1,2,1,5,2,2,5,20
R_d5LbzttEVftK2Ds,50-59,"$110,000 or more",1,No,4,2,5,3,5,2,5,5,31
R_9o8F779efmlNYj4,40-49,"$0 - $9,999",3,No,2,3,2,2,5,3,1,4,22
R_ezWFFKGqA6wWXgq,21-29,"$90,000 - $109,000",3,No,2,3,1,2,4,2,3,5,22
R_9RfYhInzpCTCbAO,40-49,"$110,000 or more",2,No,5,3,1,2,3,4,1,3,22
R_8l9spOJPZiWedPo,60 or older,"$0 - $9,999",1,Yes,4,2,3,4,5,4,1,2,25
R_0rLxUahzOXNQobY,17 or younger,"$110,000 or more",None,Yes,2,1,3,4,5,4,5,2,26
R_0pqylcUuGO45Mhw,40-49,"$30,000 - $49,000",3,No,5,1,4,2,4,4,1,1,22
R_74fX6szYiDvc9x4,18-20,"$70,000 - $89,000",3,Yes,3,3,4,3,3,1,2,3,22
R_50TZU5cW4UyeCxg,17 or younger,"$50,000 - $69,000",2,No,5,4,3,2,5,1,5,4,29
R_8CwvRxiqLyv1n2m,30-39,"$0 - $9,999",3,Yes,4,4,1,2,1,1,2,2,17
R_e9yHCi1yAe2lm5g,50-59,"$110,000 or more",None,Yes,2,5,2,5,3,4,4,5,30
R_e375wVQfkHv2hxk,30-39,"$70,000 - $89,000",1,No,3,2,3,5,3,1,5,2,24
R_9AHvxvt3ZerFGOG,17 or younger,"$110,000 or more",2,No,2,2,3,5,5,5,3,5,30
R_0TlsKsG2ulgkH5Q,30-39,"$70,000 - $89,000",1,Yes,4,1,4,5,4,5,4,1,28
R_e4LmiL1e0DV2MwS,21-29,"$110,000 or more",1,No,2,3,1,2,1,3,4,5,21
R_aeCvETSGMixCk5M,40-49,"$110,000 or more",2,Yes,2,4,1,4,5,5,3,3,27
R_86XXL4mE3Tv5AO2,40-49,"$30,000 - $49,000",4 or more,Yes,2,1,1,1,3,1,4,5,18
R_bK2IMQMHohJMVEi,40-49,"$50,000 - $69,000",None,Yes,5,1,4,4,1,1,1,5,22
R_43nX8wXOYWxwrS6,18-20,"$10,000 - $29,000",1,Yes,5,5,4,4,1,3,5,2,29
R_6mzfNSusWhGDCgm,60 or older,"$10,000 - $29,000",2,Yes,1,2,5,5,3,3,4,5,28
R_ebWqYFEyFsORW98,30-39,"$90,000 - $109,000",4 or more,Yes,1,1,1,2,2,5,2,1,15
R_8win3AbRBJdey1g,30-39,"$90,000 - $109,000",2,No,2,5,5,4,5,1,1,2,25
R_bIXQEnvKaLPAIwS,30-39,"$0 - $9,999",3,Yes,2,4,5,2,1,4,3,4,25
R_a5EoRF5UsBVmKi2,17 or younger,"$10,000 - $29,000",1,No,5,3,5,1,1,1,2,1,19
R_3Rb68C8D3ssmk0S,30-39,"$110,000 or more",None,No,2,1,3,1,1,2,3,5,18
R_enWg1KzU0P1OBzE,50-59,"$50,000 - $69,000",1,No,2,3,2,1,5,5,4,5,27
R_2i85IX53K7Yi7sy,30-39,"$90,000 - $109,000",2,No,4,4,3,4,1,2,5,2,25
R_9sCX8zzLuhftSiW,40-49,"$70,000 - $89,000",3,No,2,4,5,1,4,2,5,1,24
R_8jne7bwqoip2RlI,40-49,"$10,000 - $29,000",None,Yes,1,3,2,2,5,4,2,2,21
R_dhUPsgTdWdWFSfA,17 or younger,"$0 - $9,999",None,No,2,3,2,2,2,3,2,4,20
R_4O5KSSCCZ8Fp4tU,21-29,"$30,000 - $49,000",4 or more,Yes,4,5,3,2,2,4,5,4,29
R_egOeOy0V3f5LgZo,30-39,"$70,000 - $89,000",4 or more,Yes,4,2,5,2,5,5,1,1,25
R_6FgO1zPUOOE6vOK,30-39,"$70,000 - $89,000",None,Yes,5,5,3,2,3,2,5,1,26
R_8kqmW4qBrh6VOR0,60 or older,"$110,000 or more",2,No,3,5,4,3,4,3,5,5,32
R_0xmnMbnPv8aL3oi,18-20,"$0 - $9,999",None,Yes,3,4,5,5,2,3,3,2,27
R_dgnBvXmRYQn4Thc,17 or younger,"$0 - $9,999",2,Yes,5,2,3,2,5,4,5,1,27
R_9So3qUZhYlNKJBI,50-59,"$0 - $9,999",3,No,2,1,1,4,5,4,2,1,20
R_1ByQZf0BPTAqw06,21-29,"$0 - $9,999",1,Yes,5,1,2,2,2,2,1,5,20
R_d0xNHqI01WwX1xI,21-29,"$30,000 - $49,000",3,Yes,2,4,5,4,5,4,2,1,27
R_dnfNDs1QqkV2Vkq,17 or younger,"$110,000 or more",2,No,1,3,4,4,5,1,5,5,28
R_cBFjy0keLXlsn8W,40-49,"$50,000 - $69,000",None,Yes,2,3,3,5,5,4,2,4,28
R_9ypKRWvRUEXLWE6,50-59,"$50,000 - $69,000",1,Yes,1,5,5,1,4,1,5,4,26
R_410e0joqVskcw0S,60 or older,"$50,000 - $69,000",1,No,4,4,1,3,2,2,4,2,22
R_1zFPTTarwjqiNGS,18-20,"$10,000 - $29,000",3,Yes,2,2,5,4,2,1,3,5,24
R_dd940SDdIlzcFZY,60 or older,"$50,000 - $69,000",3,No,2,3,4,4,5,2,2,4,26
R_e96WBBblyxFPmpo,18-20,"$90,000 - $109,000",None,No,3,4,5,3,3,3,3,1,25
R_0V9UeGcctc61qMS,50-59,"$10,000 - $29,000",1,Yes,5,1,3,3,1,5,5,2,25
R_3xXZm6EPmcPOcJw,50-59,"$90,000 - $109,000",None,Yes,1,3,3,1,3,1,4,4,20
R_3IAjQ3cT8O4OE7k,50-59,"$50,000 - $69,000",None,Yes,4,3,5,4,5,2,4,4,31
R_bwuwXPPaXD72eIS,40-49,"$70,000 - $89,000",3,Yes,4,1,3,5,4,1,4,3,25
R_2f9Ez3h8pY0ASVg,60 or older,"$90,000 - $109,000",None,No,2,3,3,5,4,3,2,1,23
R_eEE2cN5gJ2zOfuS,30-39,"$110,000 or more",3,Yes,1,5,1,5,5,5,5,1,28
R_afQUtq3AOC785Cu,40-49,"$70,000 - $89,000",None,Yes,5,3,1,2,2,2,2,5,22
R_6PxHCUUgL5AfJfo,21-29,"$90,000 - $109,000",None,Yes,3,1,1,3,1,2,4,4,19
R_3w35uJWIXumElka,18-20,"$70,000 - $89,000",3,No,4,1,4,5,1,3,4,2,24
R_06qgLrOhEmMJlb0,18-20,"$50,000 - $69,000",1,Yes,4,2,5,4,4,1,2,3,25
R_czM2TscbqG5R67A,60 or older,"$90,000 - $109,000",2,Yes,4,3,5,3,5,3,1,3,27
R_bHNMzePNapyhaQu,60 or older,"$50,000 - $69,000",4 or more,Yes,2,4,1,3,3,1,4,3,21
R_0DSlypKmMsDuQLA,17 or younger,"$10,000 - $29,000",4 or more,No,5,5,3,5,3,2,3,5,31
R_6Musc9NCVeL7UOy,18-20,"$30,000 - $49,000",4 or more,No,1,2,3,2,1,2,2,3,16
R_37O7YqI0y9TPiAu,18-20,"$110,000 or more",2,No,5,5,5,4,3,3,5,1,31
R_41qsR5P5S2ADQbk,18-20,"$30,000 - $49,000",1,Yes,3,2,2,3,5,5,2,2,24
R_d0AIpompjmM1CSO,60 or older,"$10,000 - $29,000",2,Yes,3,3,1,4,1,1,1,4,18
R_eYfzrYHy9dCrunA,18-20,"$0 - $9,999",None,No,2,2,4,3,1,3,1,1,17
R_0fuX3ia6LFwlNeS,30-39,"$10,000 - $29,000",1,No,3,3,2,2,5,4,1,2,22
R_6PWXKbB7ukILNs2,60 or older,"$90,000 - $109,000",None,No,3,5,4,3,2,5,1,1,24
R_aWUrciYAAvnuOkm,18-20,"$10,000 - $29,000",2,Yes,2,2,3,3,1,3,1,3,18
R_2bEFENcGAohWJCK,17 or younger,"$70,000 - $89,000",3,Yes,5,4,5,3,5,5,2,5,34
R_0IYZMzG0F4SfZMq,60 or older,"$110,000 or more",3,Yes,4,2,1,2,2,5,4,3,23
R_4MBqS8tcmwlSJv0,21-29,"$30,000 - $49,000",1,No,5,2,5,2,5,2,3,5,29
R_3mxQkC57XUy2Dqu,60 or older,"$30,000 - $49,000",1,Yes,3,3,2,2,1,4,5,4,24
R_81dPDijNcCGNLYW,40-49,"$90,000 - $109,000",3,No,4,2,2,1,4,4,4,3,24
R_6PU1a6Y6d9wB09M,21-29,"$10,000 - $29,000",1,Yes,3,3,5,1,3,5,1,1,22
R_6mPZds09ODvYH1Y,40-49,"$50,000 - $69,000",4 or more,No,3,4,3,2,5,3,4,3,27
R_6VGlchib4yHUbwW,60 or older,"$70,000 - $89,000",None,No,1,5,4,1,1,1,4,5,22
R_bJcp5dZ9RBjBOyG,30-39,"$50,000 - $69,000",None,No,5,3,5,2,3,1,5,2,26
R_0D4WjSyucZZ2Ezs,60 or older,"$110,000 or more",4 or more,Yes,1,2,4,1,1,4,5,2,20
R_a8yqTzSgWvVMJRs,30-39,"$10,000 - $29,000",4 or more,No,4,4,2,5,3,3,2,2,25
R_82nObj8yjQO5Ha6,60 or older,"$90,000 - $109,000",3,No,1,1,5,3,2,5,3,4,24
R_8lge8JXZuBzNlky,21-29,"$50,000 - $69,000",2,Yes,1,3,5,5,5,4,1,3,27
R_bmgprHYUrPYnXRI,17 or younger,"$0 - $9,999",4 or more,No,4,3,1,5,5,1,4,5,28
R_38UCshTteHywnGe,21-29,"$10,000 - $29,000",None,Yes,1,5,4,3,3,4,4,3,27
R_b9rBdIjiArDWnnE,17 or younger,"$10,000 - $29,000",3,No,4,2,2,1,5,5,1,2,22
R_bOExf8RS1br1Qcm,30-39,"$110,000 or more",3,Yes,5,4,3,2,2,1,3,1,21
R_dmp8S9W5FugClOm,40-49,"$110,000 or more",3,No,5,1,4,2,2,4,1,1,20
R_8rdOnh28dOR909w,18-20,"$110,000 or more",1,Yes,5,2,2,1,1,3,2,3,19
R_cZtDpIBwvtrcyyy,50-59,"$50,000 - $69,000",None,No,4,1,3,4,3,5,1,1,22
R_eCFt7SO82308Jw2,18-20,"$0 - $9,999",None,No,1,4,2,4,2,2,2,1,18
R_0rLLa3QBDKOX51Y,40-49,"$10,000 - $29,000",1,Yes,5,4,5,2,1,4,3,4,28
R_cUy1Z3GyzvzrsrA,60 or older,"$0 - $9,999",4 or more,No,3,1,3,3,1,3,3,5,22
R_0qBWArKr6QVAyIS,21-29,"$110,000 or more",None,Yes,2,5,4,4,5,1,3,5,29
R_0VUCAvPPZF0hrfM,60 or older,"$10,000 - $29,000",None,No,2,3,4,2,2,1,1,5,20
R_0PNCPAoH55WpXqC,40-49,"$10,000 - $29,000",3,No,5,3,3,3,3,4,1,2,24
R_0vUgOYqjlAqDSfQ,30-39,"$110,000 or more",1,No,1,1,1,2,5,5,3,2,20
R_ea0NdlznSkFThfo,17 or younger,"$90,000 - $109,000",2,No,1,3,4,3,4,3,1,1,20
R_8JrsOgGvsAQ6al8,17 or younger,"$90,000 - $109,000",None,No,4,5,4,5,1,3,3,1,26
R_4SFASxCjaZb5KE6,21-29,"$90,000 - $109,000",3,No,2,4,3,1,3,2,2,1,18
R_6rPEy9ifhlkcPPM,50-59,"$50,000 - $69,000",2,No,4,1,3,1,3,5,3,3,23
R_6tEIH4oTmywAtKu,17 or younger,"$110,000 or more",4 or more,No,4,2,4,4,3,1,4,5,27
R_e4cfOcvXm3rzhEG,30-39,"$70,000 - $89,000",3,No,1,3,3,1,2,3,4,3,20
R_249yyXtEKM9M1YW,18-20,"$10,000 - $29,000",3,Yes,2,4,4,4,2,2,5,1,24
R_1LVLtHkKEPgMf8a,17 or younger,"$90,000 - $109,000",4 or more,Yes,1,1,3,2,5,1,4,1,18
R_5igcsWlwPwOGItg,50-59,"$30,000 - $49,000",4 or more,No,5,5,3,5,4,1,2,3,28
R_cTIBDQYYEGoSS7Y,60 or older,"$70,000 - $89,000",1,Yes,2,1,3,3,3,5,4,1,22
R_0keBlwga5EMWYVE,40-49,"$110,000 or more",4 or more,Yes,3,5,5,2,4,2,2,2,25
R_1YbsnSfaSPc0OzQ,17 or younger,"$70,000 - $89,000",2,No,2,4,4,2,5,4,5,5,31
R_dnAuddJsEPXh8qy,30-39,"$30,000 - $49,000",None,Yes,4,3,3,5,5,2,1,1,24
R_4PFEtEp1fSYbKQu,60 or older,"$10,000 - $29,000",1,No,5,5,3,3,2,5,4,2,29
R_0JyaLCGvOlHvwnI,30-39,"$10,000 - $29,000",1,No,2,2,4,3,2,1,1,2,17
R_d4EHf6rN3LXtaNE,50-59,"$10,000 - $29,000",2,No,3,3,4,3,5,4,2,3,27
R_exPeDinrABrfZ5k,17 or younger,"$50,000 - $69,000",1,Yes,2,4,1,4,2,3,4,5,25
R_6X1Bd0Vjmc9fHJI,17 or younger,"$10,000 - $29,000",3,No,2,3,5,2,3,1,3,4,23
R_6fAqAcUa06T24nk,30-39,"$50,000 - $69,000",4 or more,No,3,4,3,2,3,3,4,5,27
R_1YvPScWhv006nAO,18-20,"$0 - $9,999",1,No,3,4,2,1,1,4,4,2,21
R_eEgww1V26zBLJQi,17 or younger,"$50,000 - $69,000",3,Yes,5,2,4,1,4,1,5,2,24
R_4YOi6xty8pCB010,50-59,"$90,000 - $109,000",1,No,3,1,5,1,4,4,5,4,27
R_bvWUn1bw0UKhdZ4,21-29,"$30,000 - $49,000",1,No,1,5,5,4,5,3,4,1,28
R_3VGB6kigEm4zFhI,21-29,"$70,000 - $89,000",2,Yes,5,2,2,3,5,2,1,5,25
R_81uhTKcUvVwMyDY,18-20,"$90,000 - $109,000",2,Yes,4,5,1,2,2,4,5,2,25
R_4Sg60KR6DvZNO5M,50-59,"$0 - $9,999",2,Yes,4,3,5,2,1,2,2,3,22
R_8k7Zz2f6z7z3e0C,21-29,"$70,000 - $89,000",2,No,3,4,5,1,5,5,2,2,27
R_eX2m0H2nX1Ld8zk,30-39,"$90,000 - $109,000",1,Yes,1,5,1,1,5,3,5,3,24
R_bQLTw2Qgv4SrBZQ,18-20,"$110,000 or more",4 or more,Yes,2,5,1,3,3,1,3,4,22
R_cYK5xNeKfxFnqLk,21-29,"$10,000 - $29,000",1,No,3,1,3,1,3,4,3,1,19
R_bykwAFtOnLHnrcG,18-20,"$50,000 - $69,000",4 or more,Yes,2,1,2,1,3,5,1,1,16
R_0ptxFLJAWIEy67s,17 or younger,"$110,000 or more",3,Yes,4,5,2,4,3,4,5,1,28
R_9mew8E6GmCP41mK,40-49,"$50,000 - $69,000",4 or more,Yes,4,1,1,4,5,3,2,3,23
R_4HiVndguL3emCpw,50-59,"$0 - $9,999",3,No,5,4,2,2,3,4,3,3,26
R_5gxn6wOjj7PYvWu,40-49,"$90,000 - $109,000",4 or more,No,3,5,4,3,3,3,2,4,27
R_bHiGr0IhSfvDCom,40-49,"$110,000 or more",4 or more,No,2,2,1,1,1,4,2,5,18
R_dapgdKf0b77Ib0W,18-20,"$110,000 or more",2,No,5,1,3,2,2,2,3,2,20
R_5iKFmVBc43NL6Jw,40-49,"$90,000 - $109,000",2,Yes,3,2,5,3,4,3,3,4,27
R_4ZNnUAaGPB9sMw6,60 or older,"$90,000 - $109,000",2,No,5,4,5,4,1,2,5,2,28
R_3l7QjlwNkKSuMuy,50-59,"$110,000 or more",2,No,2,4,4,5,3,4,4,1,27
R_6PEXATl9jo4QwVE,60 or older,"$50,000 - $69,000",2,No,3,5,1,4,3,5,4,1,26
R_9yFQv0JagMwmBim,60 or older,"$90,000 - $109,000",1,No,3,4,3,4,4,4,2,3,27
R_etZ0VafP0ecO1me,40-49,"$110,000 or more",2,Yes,5,3,3,2,1,2,1,2,19
R_3ORRqKt3iU3p7QW,17 or younger,"$50,000 - $69,000",None,No,5,4,1,3,2,3,4,2,24
R_cGWZEXG84t1kANo,60 or older,"$0 - $9,999",3,No,4,3,1,3,3,1,3,2,20
R_2n27LSQLMN7jb3U,17 or younger,"$90,000 - $109,000",None,Yes,4,4,2,1,4,3,5,5,28
R_cwQ5qKrENOFrHNk,21-29,"$10,000 - $29,000",4 or more,Yes,5,5,2,4,1,4,4,4,29
R_72okzzYJOLRcMv4,30-39,"$30,000 - $49,000",None,Yes,1,2,3,3,1,5,3,4,22
R_2h2wP6WOEJyjQj4,50-59,"$50,000 - $69,000",4 or more,Yes,4,4,5,3,1,5,5,2,29
R_bloMAk31HmvX2fk,17 or younger,"$10,000 - $29,000",2,No,5,3,2,5,1,3,3,1,23
R_5mRHVxQw15yCzdk,30-39,"$30,000 - $49,000",3,No,3,4,3,1,1,2,2,3,19
R_5mxkyUB3u26kUoC,17 or younger,"$0 - $9,999",4 or more,Yes,5,5,5,5,3,3,4,4,34
R_8k183AnyPo67m8C,18-20,"$10,000 - $29,000",2,Yes,3,3,4,2,4,1,3,4,24
R_bskWVxu2fJnKHPM,50-59,"$50,000 - $69,000",1,Yes,3,1,2,3,2,3,5,4,23
R_6s1A34fMvpADzWm,40-49,"$90,000 - $109,000",3,No,2,4,4,4,1,4,3,3,25
R_baoXf6jwE0rHoYm,17 or younger,"$110,000 or more",None,Yes,4,1,1,4,5,1,5,5,26
R_3lu5uO8ZvE2jpSm,50-59,"$110,000 or more",3,Yes,4,1,4,3,3,1,4,2,22
R_6GnqiTgP7aiI3LE,30-39,"$30,000 - $49,000",1,No,5,3,2,2,1,3,4,4,24
R_9vPI8jykzXXzAnY,17 or younger,"$50,000 - $69,000",None,No,5,1,2,3,3,1,5,5,25
R_8D1NzYbXFEL5czA,60 or older,"$50,000 - $69,000",None,No,2,5,4,4,2,4,4,5,30
R_3gEEf03dysyfsjA,18-20,"$10,000 - $29,000",4 or more,Yes,5,4,4,1,4,4,5,2,29
R_4G8nc2UaCV5r4ea,50-59,"$10,000 - $29,000",4 or more,No,1,3,5,1,4,5,5,2,26
R_cvFfSPPR1gw1pxY,30-39,"$30,000 - $49,000",1,Yes,1,4,3,2,1,2,2,1,16
R_3rbK93fp1KHegV8,17 or younger,"$50,000 - $69,000",4 or more,Yes,1,3,5,2,3,1,3,2,20
R_0J7OR6gco962d3U,60 or older,"$10,000 - $29,000",4 or more,No,4,4,5,4,2,2,2,3,26
R_czKdMWYVYTwkAfA,18-20,"$30,000 - $49,000",1,Yes,2,3,3,4,3,2,2,5,24
R_5A48dd8bFZlNvoy,60 or older,"$90,000 - $109,000",1,Yes,2,5,4,2,3,4,4,2,26
R_9BjhXfvdXzGw8rI,18-20,"$0 - $9,999",None,No,5,2,5,1,2,2,5,4,26
R_eOPyNN4ggmwJ8Xk,17 or younger,"$10,000 - $29,000",1,Yes,4,1,1,4,3,4,5,2,24
R_1N490Huy9NrPBDo,30-39,"$90,000 - $109,000",3,No,5,1,5,2,1,1,5,1,21
R_b904NmAGRDn78eW,17 or younger,"$30,000 - $49,000",4 or more,No,3,2,2,4,1,4,1,5,22
R_cPj636TmEzUOaDI,18-20,"$30,000 - $49,000",1,Yes,3,4,1,2,5,2,2,1,20
R_6f0dCS3hwMO8lYq,30-39,"$90,000 - $109,000",1,No,3,5,2,3,3,2,2,2,22
R_1EN9XcI8UhjkvL8,18-20,"$10,000 - $29,000",3,Yes,2,3,4,2,3,4,3,2,23
R_6VHDww8rufDOmx0,30-39,"$30,000 - $49,000",4 or more,Yes,1,5,3,2,4,5,5,2,27
R_9ytJXvuXNch6sjI,30-39,"$50,000 - $69,000",None,Yes,5,4,4,3,2,2,3,1,24
R_3n1b6Qe5YcmrApM,18-20,"$110,000 or more",1,Yes,3,5,5,4,5,4,2,4,32
R_5dwgAKQbJbmnsbQ,18-20,"$70,000 - $89,000",4 or more,No,5,3,1,2,5,3,4,2,25
R_80rSjXPnpL2j1ga,40-49,"$110,000 or more",3,Yes,4,2,1,2,3,5,3,2,22
R_5BDJDF6u4q1YswS,60 or older,"$50,000 - $69,000",None,No,4,2,2,1,3,4,5,2,23
R_8rld6lsevT7LCZw,18-20,"$90,000 - $109,000",3,Yes,1,3,2,5,4,5,5,4,29
R_6zoADvGgIoMiGWO,21-29,"$0 - $9,999",4 or more,Yes,5,2,1,2,2,4,4,2,22
R_cIRySWXHRVmzjJY,30-39,"$0 - $9,999",3,No,4,3,3,4,5,4,2,1,26
R_b2ufge9G92vnVlA,40-49,"$30,000 - $49,000",2,Yes,4,5,4,1,3,4,4,2,27
R_8GNrFOVPvm8m102,17 or younger,"$10,000 - $29,000",1,No,1,4,2,5,2,3,5,3,25
R_7ZGKQMLTMSpZkDI,30-39,"$70,000 - $89,000",2,No,4,1,3,2,2,2,1,4,19
R_5drw30WHrHRvJPg,50-59,"$110,000 or more",1,No,4,4,2,1,1,3,3,4,22
R_9shwf9H7mP6QJGm,40-49,"$10,000 - $29,000",4 or more,Yes,3,2,5,3,3,4,2,5,27
R_dbuTtzxuY0ZTDng,30-39,"$30,000 - $49,000",4 or more,Yes,2,3,2,2,5,1,5,5,25
R_1TvChimNN9ozaBM,50-59,"$50,000 - $69,000",2,No,1,5,1,4,2,2,3,3,21
R_3wpK3xc9mIr2u7c,18-20,"$90,000 - $109,000",2,No,3,2,1,5,3,3,4,3,24
R_9MiEjs1gk8ZIkDA,50-59,"$10,000 - $29,000",4 or more,Yes,2,4,4,2,2,1,1,3,19
R_204kSnTM4sZGoVE,17 or younger,"$110,000 or more",None,No,1,5,3,5,4,1,4,2,25
R_e42aRzJWcsBXpsO,50-59,"$30,000 - $49,000",2,No,3,5,3,4,5,2,5,3,30
R_2rVsU5pSTMlO3Z4,18-20,"$30,000 - $49,000",2,No,2,5,4,4,3,1,2,3,24
R_4ZcOGKCRCHjrgh0,30-39,"$10,000 - $29,000",None,Yes,4,4,5,4,3,4,3,4,31
R_3Vri1mL1gbEEzCS,40-49,"$30,000 - $49,000",None,Yes,1,5,4,2,3,2,1,4,22
R_bjsXsdF3sBLX5hI,40-49,"$110,000 or more",3,Yes,2,2,3,1,5,3,4,1,21
R_9v0YBV4GK2RPdK6,30-39,"$70,000 - $89,000",None,Yes,2,2,1,4,2,4,3,4,22
R_dbz1t22i7gO2Wj4,21-29,"$30,000 - $49,000",3,Yes,2,2,2,2,1,3,2,2,16
R_4G7PpICpsmXZC0S,40-49,"$30,000 - $49,000",None,Yes,5,1,3,4,1,4,2,1,21
R_1B5CMHMro6mfk5E,50-59,"$90,000 - $109,000",1,No,4,2,2,1,5,3,5,5,27
R_bszG9AKhdoy4nOu,17 or younger,"$70,000 - $89,000",1,Yes,1,3,3,1,4,2,2,3,19
R_0rpnQycdZ5W54I6,17 or younger,"$0 - $9,999",3,No,4,3,1,4,3,2,3,5,25
R_cJjbRzyQRKyQvEG,60 or older,"$90,000 - $109,000",2,No,4,2,1,4,3,2,5,1,22
R_8CviCIygTsBGNGC,50-59,"$10,000 - $29,000",2,Yes,2,3,1,3,1,5,5,2,22
R_bPkHIykcMTkET1s,18-20,"$90,000 - $109,000",3,Yes,1,4,1,4,4,1,5,4,24
R_01USvupIAleZN9c,21-29,"$70,000 - $89,000",None,Yes,2,3,1,3,1,3,2,1,16
R_0VulY7vfqqf5jeu,17 or younger,"$10,000 - $29,000",1,No,2,1,2,5,5,2,4,4,25
R_7NFlXHMyHGBbWB0,18-20,"$30,000 - $49,000",2,Yes,5,1,1,2,5,3,1,5,23
R_0VDv8DKraCuFdpY,18-20,"$0 - $9,999",3,Yes,4,5,2,5,4,1,1,4,26
R_5oSds39D1EVoYIK,50-59,"$110,000 or more",None,No,1,3,4,3,2,3,1,5,22
R_d0fS0BMMeXRsbLU,21-29,"$70,000 - $89,000",1,No,2,4,3,2,1,2,2,5,21
R_8iwT74nDuhHDgUK,30-39,"$90,000 - $109,000",None,Yes,2,2,2,4,1,5,3,3,22
R_enDl3Imq1reEWAS,50-59,"$30,000 - $49,000",2,No,2,1,4,1,1,3,1,1,14
R_5dq8Vxqdb7vA58y,30-39,"$110,000 or more",3,Yes,1,4,2,2,5,4,2,5,25
R_2gz1S27448ibv4q,60 or older,"$110,000 or more",None,No,4,3,2,2,3,5,3,2,24
R_0PPsucpdM5aET9c,17 or younger,"$30,000 - $49,000",1,No,2,3,5,5,5,3,4,3,30
R_erDJLe6zQ9KjJFc,40-49,"$10,000 - $29,000",2,No,4,5,1,4,1,4,3,3,25
R_cwJ3pyIlDjXj4yi,30-39,"$110,000 or more",3,No,1,5,4,1,5,3,4,2,25
R_cZOvjO7JDNaekrI,30-39,"$110,000 or more",4 or more,No,4,3,3,4,1,4,5,4,28
R_0TmzXyi4U5vlJwW,21-29,"$50,000 - $69,000",1,Yes,3,3,5,1,5,5,2,1,25
R_3kilEun4EYicB6e,21-29,"$90,000 - $109,000",2,Yes,2,5,1,4,5,2,1,1,21
R_2shSwSGTqispkX4,40-49,"$30,000 - $49,000",2,Yes,2,4,2,2,4,4,3,1,22
R_0NFXakfsBkCCEEm,40-49,"$0 - $9,999",None,No,5,1,4,1,1,1,5,3,21
R_1TGTNhWOKbbrQY6,30-39,"$110,000 or more",4 or more,No,4,3,3,4,4,4,3,5,30
R_1Ijzxc9V6VSauc6,17 or younger,"$90,000 - $109,000",1,Yes,3,1,1,2,3,1,5,2,18
R_6h4tfyTkpSE5Urk,30-39,"$30,000 - $49,000",None,No,4,1,1,3,3,2,2,4,20
R_4VqoV4JrDBYlldA,30-39,"$30,000 - $49,000",3,Yes,3,3,2,3,3,3,3,2,22
R_6nAWkNlGDUyXK2q,17 or younger,"$70,000 - $89,000",1,Yes,5,2,1,4,3,2,1,3,21
R_03vbIhh8RiIDV3M,21-29,"$90,000 - $109,000",4 or more,Yes,4,3,1,3,2,5,1,3,22
R_eWAF8V0EdG6xsr4,40-49,"$110,000 or more",None,Yes,3,5,5,3,2,4,1,4,27
R_2hQmKLdE7jvDet0,21-29,"$30,000 - $49,000",3,No,1,5,2,5,4,4,4,5,30
R_cMg5OO6QZ3PgYbI,40-49,"$90,000 - $109,000",3,Yes,4,4,3,2,2,1,5,2,23
R_6ERQboa1pZaA9HE,40-49,"$0 - $9,999",None,No,2,2,4,3,5,2,3,3,24
R_ehb2rJWm3SkuJhQ,50-59,"$30,000 - $49,000",None,No,3,1,2,3,1,2,4,4,20
R_6M2C3za8m4XBgHA,50-59,"$0 - $9,999",3,No,3,5,4,1,3,4,2,4,26
R_cARsJPs1qGCIA4e,60 or older,"$0 - $9,999",4 or more,No,1,5,5,5,5,5,5,3,34
R_8IDFZ4hcV7BOwUC,30-39,"$70,000 - $89,000",2,No,5,2,5,3,4,5,4,4,32
R_9MPBY2NM1Az7auO,50-59,"$50,000 - $69,000",4 or more,Yes,4,4,5,1,3,4,3,5,29
R_0dD24SvKbLjlgzQ,18-20,"$90,000 - $109,000",4 or more,No,1,5,1,2,4,1,2,1,17
R_3PNjAXKhWLYsv3w,17 or younger,"$70,000 - $89,000",None,No,5,3,4,1,5,1,2,2,23
R_ePNzWdqby0PO7DE,50-59,"$30,000 - $49,000",1,No,2,1,5,4,5,5,5,2,29
R_cIsHZDj0pGG6VZY,30-39,"$90,000 - $109,000",2,Yes,2,3,3,5,1,2,4,2,22
R_0TxsXWm0XzwMCoe,50-59,"$90,000 - $109,000",2,No,2,5,3,5,4,2,1,5,27
R_d115P6epAbNJNwa,60 or older,"$10,000 - $29,000",None,Yes,3,4,1,1,2,5,2,1,19
R_8udJ4T5aPg9ArvU,18-20,"$0 - $9,999",2,Yes,5,3,3,1,2,3,3,4,24
R_bmv6MIqGdXB60hU,30-39,"$90,000 - $109,000",4 or more,No,2,1,5,4,1,4,1,4,22
R_6hgoLcqsaMsD8Ka,60 or older,"$70,000 - $89,000",4 or more,No,5,1,3,1,4,5,5,2,26
R_b8AhtYLGFJsJUXQ,18-20,"$30,000 - $49,000",None,No,3,4,4,2,1,1,4,4,23
R_5uQnvVPIJk8QBts,30-39,"$90,000 - $109,000",3,No,4,1,4,5,4,1,2,2,23
R_39pWdIemFCFg5fg,50-59,"$30,000 - $49,000",3,Yes,4,3,4,3,2,3,2,2,23
R_4SogjFucazJtJj0,40-49,"$30,000 - $49,000",4 or more,Yes,1,2,2,2,3,1,2,1,14
R_8owIhccXVK1DRb0,30-39,"$0 - $9,999",2,Yes,1,4,5,2,1,2,4,5,24
R_8eV8unKSML5Bh3g,30-39,"$10,000 - $29,000",None,Yes,1,5,1,5,4,1,3,2,22
R_9Ze8FNMKtRcY6A6,40-49,"$30,000 - $49,000",1,Yes,2,3,3,5,3,5,1,4,26
R_aaTHdePoAdj0zOu,17 or younger,"$50,000 - $69,000",2,No,5,1,4,5,3,5,5,5,33
R_2gFChuBTs37wtq6,40-49,"$30,000 - $49,000",3,Yes,2,3,3,1,5,4,3,4,25
R_6zIZJouyqm1J8IC,18-20,"$110,000 or more",1,No,2,3,4,3,3,1,1,4,21
R_6DOePYTjXDMELae,50-59,"$110,000 or more",None,Yes,3,1,2,1,1,2,3,1,14
R_8B9MRqWyZfuuV0y,18-20,"$90,000 - $109,000",2,Yes,2,1,2,1,1,2,1,1,11
R_24eYVfTlUKppCho,21-29,"$50,000 - $69,000",2,No,4,5,2,2,1,3,2,5,24
R_dppdybuM6CnEDs2,18-20,"$90,000 - $109,000",4 or more,Yes,2,1,3,4,4,2,4,2,22
R_89e2dKaAZkBkw9U,17 or younger,"$90,000 - $109,000",1,Yes,1,4,3,4,1,4,4,1,22
R_4OcGPkkKugo9mya,60 or older,"$90,000 - $109,000",1,Yes,4,1,3,3,5,4,3,1,24
R_5mt2ZuBdEE62wcu,60 or older,"$90,000 - $109,000",1,Yes,3,3,3,5,4,4,4,3,29
R_7ZO4Zyl5rUajkUK,50-59,"$10,000 - $29,000",1,Yes,3,5,2,1,5,3,4,2,25
R_2mkO2Zr4CnjlMea,50-59,"$10,000 - $29,000",2,No,5,4,4,5,2,1,3,5,29
R_3Oa6oTZwM5ABBKC,50-59,"$10,000 - $29,000",3,Yes,3,4,1,2,4,2,4,4,24
R_0BqAVrjr1yaFXU2,50-59,"$90,000 - $109,000",None,Yes,1,4,4,2,1,4,2,2,20
R_eM9kcS0H49P6Lhs,60 or older,"$50,000 - $69,000",4 or more,Yes,2,4,4,2,1,2,5,4,24
R_5orCVPdnEFZz3Om,17 or younger,"$70,000 - $89,000",2,No,3,5,4,1,4,5,2,3,27
R_6Gr4JTbexdYZQJE,21-29,"$110,000 or more",4 or more,No,2,5,5,3,4,1,1,2,23
R_9nO9zyxSTRQWQwS,21-29,"$10,000 - $29,000",None,No,3,2,4,3,2,5,4,5,28
R_3xC99iOCEzCwpgi,30-39,"$110,000 or more",1,Yes,5,1,2,5,4,2,3,2,24
R_9NxYvK4ZuU7NRDE,21-29,"$10,000 - $29,000",2,No,2,3,5,2,2,4,4,1,23
R_6rM6c8ZrlOLbv7g,18-20,"$30,000 - $49,000",2,No,1,5,5,5,3,4,3,4,30
R_cD3kxubb8pX7yoC,40-49,"$10,000 - $29,000",None,No,4,4,5,1,5,4,2,3,28
R_1z531Upf3i9eaBo,21-29,"$110,000 or more",4 or more,Yes,2,3,5,2,5,5,4,3,29
R_0VbrWaxJx51qvPw,30-39,"$90,000 - $109,000",1,Yes,1,2,3,4,2,5,5,3,25
R_732Ws9Jhmt0gsBg,40-49,"$0 - $9,999",None,No,1,3,3,4,4,1,1,5,22
R_esvYZJ6HvTUK3k2,17 or younger,"$110,000 or more",4 or more,No,3,5,3,1,4,1,1,2,20
R_81TgM343iYwkTj0,60 or older,"$10,000 - $29,000",4 or more,No,4,1,1,3,2,1,3,4,19
R_4Ml2X9UD67U9fIq,30-39,"$70,000 - $89,000",1,Yes,5,3,2,2,5,5,5,2,29
R_d6ah6QWjT12kZMy,21-29,"$90,000 - $109,000",4 or more,Yes,2,5,1,1,4,5,1,2,21
R_6l0Od67FHLejtSC,30-39,"$0 - $9,999",None,Yes,3,2,1,3,2,5,1,2,19
R_elLe0GqPKFwdACq,50-59,"$70,000 - $89,000",2,Yes,5,5,4,5,1,1,5,5,31
R_00Q0v9n67AQayHQ,50-59,"$30,000 - $49,000",2,No,3,2,2,3,2,2,3,2,19
R_eLM6UlCOV2tAYbc,50-59,"$90,000 - $109,000",None,No,3,1,5,5,2,5,2,3,26
R_cI2r8bd0lgXQ2ZU,18-20,"$0 - $9,999",None,Yes,4,4,4,1,2,1,4,4,24
R_77X4yF4MpAJkzVc,17 or younger,"$30,000 - $49,000",None,No,3,3,4,3,4,5,4,5,31
R_8qOH8HctqqEv8ge,18-20,"$30,000 - $49,000",2,No,4,4,5,2,1,1,2,1,20
R_0cXHoCmhH1XzgCG,21-29,"$110,000 or more",None,No,5,1,3,2,5,4,1,1,22
R_af7dkCnWBBt2H5k,40-49,"$110,000 or more",3,Yes,3,4,1,2,2,1,2,1,16
R_9KNYTxFwjUouiMu,21-29,"$90,000 - $109,000",1,No,2,4,2,5,4,4,3,1,25
R_9Xr7zw0rriDv1R4,50-59,"$10,000 - $29,000",2,Yes,3,5,5,4,4,3,5,3,32
R_2nM0jv6QCnJarIy,18-20,"$50,000 - $69,000",3,Yes,4,5,1,5,1,2,1,3,22
R_50xcYnYfSjAzR78,18-20,"$10,000 - $29,000",None,Yes,5,1,1,4,1,4,4,1,21
R_01fZKBxfn62S2GO,50-59,"$90,000 - $109,000",1,Yes,3,5,3,3,1,5,3,5,28
R_8CXbPz6UUuIQxXE,21-29,"$0 - $9,999",2,No,5,1,1,2,1,3,2,1,16
R_7Qfch8blGJEKxTg,18-20,"$110,000 or more",3,Yes,5,4,2,1,2,4,3,5,26
R_7ap9ECF0d3nT8Q6,21-29,"$50,000 - $69,000",4 or more,No,4,5,1,2,5,1,4,4,26
R_01iD87boHijQ6Wy,17 or younger,"$110,000 or more",2,Yes,4,2,3,3,5,1,3,2,23
R_6D3toBEuDOtc9WS,60 or older,"$0 - $9,999",4 or more,No,4,1,4,2,5,4,2,1,23
R_4IQgaLJFkzQH5xY,17 or younger,"$110,000 or more",4 or more,Yes,1,2,1,3,2,1,2,1,13
R_0v1JUnXmOrRtu9E,21-29,"$0 - $9,999",3,Yes,1,2,2,2,1,1,2,2,13
R_bKLV9aMCTzvnLJs,18-20,"$50,000 - $69,000",4 or more,Yes,3,1,5,5,2,3,4,5,28
R_8whXc397WGfWTUa,21-29,"$30,000 - $49,000",4 or more,Yes,1,5,5,1,5,2,3,4,26
R_bf2RsdZdzv0UqdE,18-20,"$50,000 - $69,000",3,Yes,1,1,5,3,5,1,1,1,18
R_74lmOQBNnJQAs8S,17 or younger,"$110,000 or more",4 or more,No,1,5,5,1,4,5,4,1,26
R_bEECNtrj9T5TKh8,50-59,"$10,000 - $29,000",None,No,2,2,5,4,2,5,2,5,27
R_6u29WeHPCntrRuC,30-39,"$70,000 - $89,000",1,No,4,5,4,5,5,5,4,5,37
R_6tnwaycq9u8b76u,18-20,"$90,000 - $109,000",2,Yes,5,3,5,1,4,3,1,3,25
R_3xAnwzjdvOGems6,21-29,"$70,000 - $89,000",4 or more,Yes,3,2,5,1,2,1,5,2,21
R_8eMxO9rAu7ERXoy,18-20,"$70,000 - $89,000",2,Yes,5,3,2,5,4,4,2,4,29
R_0qxBcFomKLPULTU,21-29,"$0 - $9,999",None,Yes,2,1,2,5,1,3,4,2,20
R_cA4CownD1VT33dI,60 or older,"$30,000 - $49,000",2,No,5,4,4,3,2,1,1,2,22
R_7PZbUqomTgA7N7o,30-39,"$10,000 - $29,000",4 or more,Yes,5,4,4,2,2,4,1,2,24
R_57MhIm5ZgNYunIy,30-39,"$30,000 - $49,000",2,No,5,5,5,4,3,1,2,4,29
R_0NWnzpdi8FvUtIG,60 or older,"$0 - $9,999",4 or more,No,5,3,4,5,1,2,1,1,22
R_cHADpNx6EiH8PT8,50-59,"$10,000 - $29,000",1,No,4,4,2,4,3,4,2,4,27
R_3UXhxSIur9tlq0C,30-39,"$110,000 or more",2,No,1,2,2,5,5,3,1,4,23
R_1Y152dgV7yDzTFQ,17 or younger,"$110,000 or more",4 or more,Yes,4,3,1,5,3,1,3,2,22
R_bNPeulwrT8LH59Y,40-49,"$0 - $9,999",3,No,1,4,3,2,3,1,5,4,23
R_e9tZMI22XqbQQ3Y,17 or younger,"$50,000 - $69,000",None,Yes,1,3,4,2,2,4,1,4,21
R_dn8vmaJBrnFQMCi,50-59,"$0 - $9,999",1,Yes,4,5,2,5,1,4,3,3,27
R_cO7U2724zJDElvM,60 or older,"$50,000 - $69,000",2,Yes,4,1,4,3,1,1,3,3,20
R_4UPEV6Ep3BO8Kh0,50-59,"$90,000 - $109,000",3,Yes,2,4,4,4,5,4,1,1,25
R_5inHo8HOIuWZnFk,50-59,"$10,000 - $29,000",3,Yes,5,1,3,4,3,4,4,3,27
R_5byKRyosYuFCWnY,18-20,"$70,000 - $89,000",2,No,1,2,5,5,4,4,5,5,31
R_erGKaBKkfuA7t3w,40-49,"$110,000 or more",None,Yes,4,3,5,2,2,4,4,5,29
R_6rGUhDO3MV23EhM,30-39,"$90,000 - $109,000",1,Yes,2,4,1,3,1,4,4,2,21
R_1AIFOk8ur1Jy2Ng,60 or older,"$70,000 - $89,000",2,No,2,2,3,3,2,1,3,2,18
R_bl438utQAfsuuou,30-39,"$90,000 - $109,000",2,No,4,1,1,1,5,4,1,2,19
R_77MMrazrnBYARy6,17 or younger,"$50,000 - $69,000",2,Yes,3,1,2,3,4,3,3,1,20
R_bjYHwO22ZkQIhXE,21-29,"$70,000 - $89,000",None,No,5,2,1,1,5,2,4,1,21
R_4Sc2KYFcHQIXR1s,17 or younger,"$110,000 or more",2,No,1,5,1,2,2,5,2,2,20
R_6Asz9qU9xLrDbAq,40-49,"$10,000 - $29,000",None,Yes,4,5,4,4,1,3,1,3,25
R_4ZoSjYKaxSytwpg,17 or younger,"$30,000 - $49,000",1,Yes,1,1,1,4,5,4,3,5,24
R_0CGefaUsy2p3g1w,18-20,"$50,000 - $69,000",2,No,5,2,5,5,5,1,2,4,29
R_0VWR9hw6ZhxYozI,21-29,"$30,000 - $49,000",3,Yes,3,3,1,2,3,1,2,4,19
R_9zPENPUyWwFcW34,21-29,"$110,000 or more",4 or more,No,2,2,4,5,4,1,1,2,21
R_6Lufg0hcnT7TPVA,30-39,"$10,000 - $29,000",1,Yes,1,4,1,4,5,2,4,2,23
R_ekutpPfNZccS3RA,17 or younger,"$10,000 - $29,000",2,No,4,1,2,2,1,3,4,1,18
R_aaXZIjCw8kjLrfg,18-20,"$110,000 or more",3,Yes,5,3,5,4,5,2,1,5,30
R_eySGOriKDCi5vEO,21-29,"$0 - $9,999",None,Yes,5,4,3,1,1,2,5,3,24
R_9TshTyOV2uqp250,40-49,"$50,000 - $69,000",4 or more,No,2,4,4,1,1,3,4,4,23
R_40COicW7ezwssFU,30-39,"$70,000 - $89,000",3,No,4,5,1,4,5,4,1,3,27
R_4MyGlKSMRgGULD8,30-39,"$0 - $9,999",4 or more,No,5,1,5,1,1,4,2,1,20
R_3K0M3hEZmub2MzY,60 or older,"$110,000 or more",3,Yes,3,1,2,1,5,4,1,5,22
R_b8voUMYF8ieQLBA,17 or younger,"$30,000 - $49,000",4 or more,No,4,1,2,1,5,1,2,3,19
R_8BbjFeN8bgecmA6,30-39,"$110,000 or more",2,Yes,3,1,5,3,2,3,1,5,23
R_eIMe1TQkpQBuCvs,30-39,"$90,000 - $109,000",1,Yes,2,4,2,2,5,4,3,2,24
R_29ORwipOidQv9gG,40-49,"$50,000 - $69,000",2,No,4,2,4,3,1,5,1,4,24
R_0W12bWLsEqgpYTs,21-29,"$0 - $9,999",3,No,2,3,1,1,3,3,5,2,20
R_byJTNzzJ2jJD4W2,21-29,"$30,000 - $49,000",None,Yes,3,1,4,1,1,4,2,1,17
R_cCsm11XQy831RfU,40-49,"$50,000 - $69,000",None,No,1,5,3,5,3,3,5,3,28
R_2gIaKc2DqYtJ4P4,18-20,"$0 - $9,999",None,Yes,1,1,2,1,2,2,3,1,13
R_brBOJLz6FmXJqxE,40-49,"$10,000 - $29,000",1,No,1,4,4,2,1,1,3,1,17
R_9GFV6gGLLWLC9ee,60 or older,"$50,000 - $69,000",4 or more,No,2,1,3,2,4,1,5,1,19
R_3UYKL8aoQ5i0Yke,50-59,"$110,000 or more",3,No,4,5,2,5,2,5,1,4,28
R_0VNMtwvV0gGsYpo,50-59,"$30,000 - $49,000",3,No,2,3,1,5,4,4,1,3,23
R_erf5dHOCnFOA6eW,40-49,"$70,000 - $89,000",3,No,1,4,2,1,5,1,1,2,17
R_6W5qXRKqHWhp8Lc,60 or older,"$10,000 - $29,000",None,No,5,5,4,2,5,4,1,2,28
R_4I0aL7XLZ4VLgUK,18-20,"$70,000 - $89,000",None,Yes,3,5,4,5,3,2,2,3,27
R_0JSizqYNOMSLaWW,21-29,"$50,000 - $69,000",4 or more,No,3,5,5,5,4,4,2,4,32
R_245hnK0oXLpH78O,30-39,"$90,000 - $109,000",1,Yes,5,5,3,1,5,3,1,5,28
R_2lviQGfory2vvWC,50-59,"$110,000 or more",1,Yes,2,3,3,5,4,3,4,4,28
R_8xhy7msH2dmhOCy,18-20,"$110,000 or more",1,Yes,4,5,4,1,1,5,1,3,24
R_9Br0ZAxv4bvqzv8,30-39,"$10,000 - $29,000",4 or more,No,5,3,4,1,4,4,4,5,30
R_5o8Vb8yZOHUMCWi,18-20,"$90,000 - $109,000",2,No,3,5,4,4,3,5,1,1,26
R_cP9IpALoUcUQ8fQ,30-39,"$30,000 - $49,000",2,Yes,4,4,4,3,3,4,2,2,26
R_6tDm2T8dM0tt1ZA,30-39,"$90,000 - $109,000",None,Yes,2,4,1,4,4,1,4,5,25
R_3xWEWCXGimgYSLY,50-59,"$70,000 - $89,000",2,Yes,1,3,5,5,1,4,1,5,25
R_880heMWQXkrVkEK,21-29,"$90,000 - $109,000",None,No,1,5,5,2,1,2,4,5,25
R_d08KKidn499riku,18-20,"$110,000 or more",None,No,5,2,4,2,5,1,1,2,22
R_3FdhVetlbP3BHYW,21-29,"$70,000 - $89,000",3,Yes,2,1,1,3,5,2,3,4,21
R_0ecgwrnsjdgekhU,17 or younger,"$0 - $9,999",1,Yes,1,2,5,2,1,4,1,2,18
R_0822nNND9MbEcVE,18-20,"$0 - $9,999",3,Yes,5,5,3,2,4,2,1,5,27
R_3KoWM6OH9q3GreC,30-39,"$50,000 - $69,000",3,No,2,3,3,3,5,5,1,3,25
R_8He8TTy27nGGYtM,50-59,"$70,000 - $89,000",None,Yes,4,5,1,5,5,4,3,4,31
R_eRjaIo4RJCR1pvE,17 or younger,"$70,000 - $89,000",None,No,4,4,3,2,3,4,4,2,26
R_6LvcK90KpJqQs5g,30-39,"$0 - $9,999",1,No,5,1,4,1,2,1,4,1,19
R_8J8vZcQr6Vwl8gu,18-20,"$50,000 - $69,000",2,Yes,5,4,1,4,2,2,1,5,24
R_2hF6vBFMI82bTUy,30-39,"$0 - $9,999",4 or more,Yes,3,1,5,3,4,2,4,1,23
R_bqMrvi6MyjjVjmK,60 or older,"$0 - $9,999",2,Yes,2,5,2,4,2,1,3,4,23
R_0IejR6jW2iog0xo,17 or younger,"$10,000 - $29,000",2,No,3,1,4,3,2,3,1,1,18
R_6VAaAfrVjY7xhVs,17 or younger,"$70,000 - $89,000",3,No,5,1,4,5,3,2,1,3,24
R_eL1OLgc0Zx17ybI,50-59,"$90,000 - $109,000",4 or more,Yes,3,1,1,5,3,1,3,1,18
R_eVdPX5WNX2ryRAG,17 or younger,"$70,000 - $89,000",None,No,5,4,5,2,5,2,3,2,28
R_38BHbvvGTEjqufs,40-49,"$30,000 - $49,000",3,No,3,5,3,3,2,2,2,2,22
R_cAxGVVTPJUtoJQW,40-49,"$10,000 - $29,000",2,No,5,3,1,4,3,1,1,5,23
R_9TWsiy3VwNGNbMi,18-20,"$90,000 - $109,000",1,No,1,3,3,4,3,5,1,1,21
R_9AggLlKnuEvOtPE,21-29,"$30,000 - $49,000",1,Yes,2,2,3,5,5,3,1,3,24
R_cUdB3mpvoF4Gxam,17 or younger,"$110,000 or more",1,No,4,4,1,2,1,3,5,5,25
R_cYDb3G50sI2AhiS,21-29,"$0 - $9,999",1,Yes,1,1,1,5,3,1,5,1,18
R_0uoo6jrmupH2tsq,40-49,"$0 - $9,999",None,No,1,4,1,2,3,3,1,5,20
R_2rGW2M3MLlStcvc,17 or younger,"$70,000 - $89,000",3,No,3,5,2,1,2,3,1,5,22
R_9RA7dZZqFifjM58,30-39,"$50,000 - $69,000",None,No,3,5,4,4,1,5,2,5,29
R_bPZX01tk7wzjuDk,21-29,"$110,000 or more",None,No,3,4,1,4,2,3,4,2,23
R_cMW9pLXuFzGHDU2,60 or older,"$110,000 or more",2,Yes,5,3,3,5,3,5,5,1,30
R_73AxKMiLLpfjiYe,50-59,"$110,000 or more",3,No,3,2,1,2,4,4,1,3,20
R_5ovN7t2MVW1mMxU,18-20,"$70,000 - $89,000",4 or more,Yes,5,2,4,1,2,4,2,1,21
R_cApCNcUydZU3vjU,18-20,"$10,000 - $29,000",1,No,1,3,3,5,2,3,5,5,27
R_ekwMKGFZIz12Y5g,50-59,"$90,000 - $109,000",1,Yes,1,3,5,1,1,1,2,4,18
R_eQaO13PiZpWHNFY,50-59,"$110,000 or more",4 or more,No,4,1,2,3,3,5,5,4,27
R_9v4Zg4EoMeBbvHU,40-49,"$30,000 - $49,000",4 or more,No,4,5,1,3,5,4,4,3,29
R_bQqbQtRxBohp1Gu,21-29,"$50,000 - $69,000",4 or more,No,5,3,3,2,1,5,2,5,26
R_8nXRjS7uvMSwIPI,50-59,"$0 - $9,999",3,Yes,3,5,5,4,4,5,2,4,32
R_d43xhwmsfhC84mO,50-59,"$10,000 - $29,000",4 or more,No,1,4,5,2,2,3,3,2,22
R_1IgD7KP6hpEKXtQ,30-39,"$30,000 - $49,000",4 or more,Yes,1,1,2,3,1,2,3,4,17
R_eafe2GDxgodHicK,30-39,"$10,000 - $29,000",1,No,3,2,2,4,3,5,3,3,25
R_b7OY1QbZxLDkyFM,18-20,"$30,000 - $49,000",1,Yes,3,5,4,3,4,1,2,3,25
R_56JPJ6VSOIIjoQS,40-49,"$110,000 or more",1,No,3,1,2,1,1,4,2,1,15
R_a5URjSmJwL3XXa6,18-20,"$30,000 - $49,000",1,Yes,5,3,3,1,3,4,4,2,25
R_08qB0YGAkVjMfau,50-59,"$10,000 - $29,000",4 or more,Yes,4,1,3,1,1,2,1,1,14
R_0qCjlaoFE5gDW3c,17 or younger,"$70,000 - $89,000",2,No,2,5,3,1,2,5,3,3,24
R_0VTV1FytrJE4fcO,18-20,"$30,000 - $49,000",2,No,4,2,2,1,1,3,4,4,21
R_8xhxOY9NwkSoR3E,21-29,"$70,000 - $89,000",2,No,3,2,1,5,5,3,3,4,26
R_5uo19V6dabajpX0,60 or older,"$50,000 - $69,000",3,Yes,5,4,2,1,2,4,4,2,24
R_eexxIt9uz78oTwq,40-49,"$10,000 - $29,000",4 or more,Yes,4,5,5,3,5,3,1,1,27
R_4Mn0z2YCWP0vu74,40-49,"$90,000 - $109,000",None,Yes,5,3,3,3,4,3,1,4,26
R_cHgbOdck5qBXNWe,40-49,"$70,000 - $89,000",None,No,5,4,1,4,5,4,3,3,29
R_6u4TWlYzdyxBfjo,50-59,"$50,000 - $69,000",3,Yes,5,4,5,3,3,3,1,4,28
R_bypeQmuHK8oMWuG,18-20,"$30,000 - $49,000",1,No,3,3,3,2,5,2,2,2,22
R_2fzR9W9OWjvRuLk,40-49,"$0 - $9,999",1,No,3,5,5,3,5,2,3,4,30
R_7Vz5BW9elxa6DFY,17 or younger,"$10,000 - $29,000",3,Yes,1,1,3,1,5,2,3,2,18
R_3g94JpwkwXQWSqy,21-29,"$0 - $9,999",4 or more,No,4,1,4,3,3,5,5,1,26
R_81yRDKi5lfv2XzM,60 or older,"$90,000 - $109,000",2,No,4,2,5,5,2,4,1,3,26
R_3drXVnwUPDdYjtQ,21-29,"$90,000 - $109,000",4 or more,Yes,3,2,2,2,4,3,4,2,22
R_9F5AOPPHFodxBxY,50-59,"$50,000 - $69,000",2,Yes,1,1,4,5,1,3,1,1,17
R_b7ApT2bxJcWvDwi,30-39,"$90,000 - $109,000",4 or more,Yes,3,3,2,1,1,2,4,2,18
R_b29kjDwrC1bzVZQ,21-29,"$70,000 - $89,000",2,Yes,1,1,1,3,2,1,2,2,13
R_4SBqKnS9GALaVdI,50-59,"$50,000 - $69,000",None,Yes,3,4,5,5,1,3,3,3,27
R_5tJbuq6jor21Hmu,60 or older,"$90,000 - $109,000",None,No,2,5,5,1,2,5,2,2,24
R_2nIyrC3AK4smEUm,30-39,"$10,000 - $29,000",None,Yes,3,2,5,4,1,1,4,3,23
R_5t0p3Tl2yClidUi,40-49,"$70,000 - $89,000",2,No,4,2,3,2,1,2,1,3,18
R_9YNIYFKFcWR07no,18-20,"$10,000 - $29,000",1,No,2,3,4,5,1,2,4,3,24
R_5o8bKQYyhbd6qa2,60 or older,"$30,000 - $49,000",4 or more,Yes,2,1,1,4,4,2,5,3,22
R_bxrhb3GBQQCZOcK,40-49,"$110,000 or more",2,Yes,5,5,2,1,2,5,2,2,24
R_bp8j5OXEKKHCS9g,21-29,"$70,000 - $89,000",3,No,2,3,4,2,2,5,5,1,24
R_cNQtYDNOEMkAu34,21-29,"$70,000 - $89,000",3,No,1,4,2,1,2,5,4,4,23
R_ekr1INplMeCNU7I,30-39,"$110,000 or more",1,No,1,2,3,3,2,2,1,4,18
R_brsFHpXAm6roiXk,17 or younger,"$10,000 - $29,000",3,No,1,2,2,1,4,5,5,3,23
R_5tDnDexCuTbUVN4,17 or younger,"$70,000 - $89,000",2,No,2,3,5,3,3,3,3,2,24
R_6Klp0eI0WoIpFSC,21-29,"$10,000 - $29,000",4 or more,Yes,3,2,4,5,1,4,4,1,24
R_eyUcsFxODHPyrCS,60 or older,"$0 - $9,999",None,Yes,3,5,5,5,4,3,4,1,30
R_3w02dTKbErxmZka,21-29,"$30,000 - $49,000",3,Yes,1,5,5,1,3,4,5,3,27
R_5u2A78b3HQ0zt0W,40-49,"$30,000 - $49,000",4 or more,Yes,3,4,2,5,4,2,2,2,24
R_3xhtGVh3gBd9HKu,60 or older,"$90,000 - $109,000",4 or more,Yes,2,1,1,5,1,2,5,2,19
R_5hihONXhC4xhErA,60 or older,"$70,000 - $89,000",1,Yes,1,2,1,3,5,1,3,2,18
R_6yPAOUi7Voe8T4y,60 or older,"$70,000 - $89,000",2,Yes,1,3,5,4,4,1,1,5,24
R_bBd735p6BczXkwK,50-59,"$70,000 - $89,000",1,No,2,5,5,1,1,1,1,3,19
R_cYlQ9gxpxnO40Ps,60 or older,"$30,000 - $49,000",None,Yes,4,4,3,1,5,3,3,4,27
R_86V0ztqNddsRIyO,18-20,"$0 - $9,999",3,No,3,4,5,5,5,2,2,1,27
R_0HXFyu6cIszYl94,50-59,"$70,000 - $89,000",4 or more,Yes,3,1,1,4,3,3,1,1,17
R_6PWSsjuINyqXTzU,30-39,"$0 - $9,999",4 or more,Yes,1,1,4,3,2,1,4,1,17
R_6Q2C23IQ5cUBHHE,21-29,"$90,000 - $109,000",4 or more,No,2,4,5,5,3,3,1,3,26
R_1zsrfhVJIMFAlJI,21-29,"$0 - $9,999",4 or more,No,2,2,4,3,1,3,1,5,21
R_9L8Az60ZhvTscjs,17 or younger,"$110,000 or more",1,No,5,3,5,3,1,4,4,5,30
R_1FVlqAkVG83V63s,30-39,"$110,000 or more",3,Yes,4,5,5,3,4,2,3,3,29
R_3EOPmWk6fojLrTw,21-29,"$10,000 - $29,000",4 or more,Yes,1,5,5,3,3,2,4,5,28
R_3lMUuzHyybG53vM,18-20,"$110,000 or more",1,Yes,5,1,2,3,1,1,2,4,19
R_23qyiWz1FTSXdEa,40-49,"$90,000 - $109,000",3,Yes,1,5,2,3,1,3,1,2,18
R_cTl4l27efJPD3tI,40-49,"$110,000 or more",3,Yes,5,5,1,4,2,5,3,2,27
R_3rqmzgOKBk1gaEK,50-59,"$110,000 or more",2,Yes,3,5,5,3,3,3,5,5,32
R_884OgrNhXA2xQDY,50-59,"$50,000 - $69,000",None,Yes,3,3,5,4,2,4,5,4,30
R_d0R5LM8hYqyZizs,17 or younger,"$90,000 - $109,000",4 or more,Yes,3,3,1,4,3,1,4,3,22
R_2sExZDTO8PTubxc,17 or younger,"$90,000 - $109,000",4 or more,Yes,1,2,2,2,5,4,4,3,23
R_8BmGqaJ2JGqlRLE,60 or older,"$70,000 - $89,000",None,No,2,4,1,3,2,4,1,2,19
R_5uOIlQXAMhwMf30,40-49,"$30,000 - $49,000",2,No,5,4,2,2,3,5,4,4,29
R_0dCRVrnpaOIElMy,60 or older,"$30,000 - $49,000",4 or more,Yes,3,4,2,1,1,2,1,2,16
R_3xBI3o5587ThZwq,50-59,"$0 - $9,999",1,Yes,1,2,1,2,4,4,5,4,23
R_1YV1mmEFZrPeEzs,60 or older,"$110,000 or more",2,No,3,2,5,5,5,3,3,3,29
R_71hx9JKanJGyA8C,30-39,"$70,000 - $89,000",4 or more,Yes,4,5,2,3,1,3,3,4,25
R_cuujNKccd3BhBxs,17 or younger,"$90,000 - $109,000",4 or more,Yes,4,4,3,4,5,1,5,4,30
R_bmiff5V3UqyLMb4,50-59,"$70,000 - $89,000",1,No,2,1,5,4,3,3,5,2,25
R_6EW2qsBQlCllrjE,21-29,"$90,000 - $109,000",3,No,4,3,1,1,4,1,3,5,22
R_390Y9daT5RUVjhk,60 or older,"$10,000 - $29,000",1,Yes,2,4,1,2,3,3,5,2,22
R_cY2aATn4ELrv4Pk,18-20,"$0 - $9,999",4 or more,Yes,1,3,3,5,4,3,4,1,24
R_3z4mH9iiF1mzAXk,18-20,"$70,000 - $89,000",4 or more,No,3,2,3,5,1,2,5,1,22
R_5jo4ONPB4dY2Pgq,21-29,"$70,000 - $89,000",4 or more,Yes,5,4,3,1,1,2,1,1,18
R_dhY3JbqJa3SaOVg,30-39,"$90,000 - $109,000",2,Yes,4,2,2,4,3,4,2,1,22
R_51Ma80OHOXfCHye,60 or older,"$90,000 - $109,000",2,Yes,4,3,1,5,5,4,2,5,29
R_9SvkCCTcJ2kqAGG,30-39,"$0 - $9,999",1,Yes,2,2,2,3,2,1,5,3,20
R_5tY74uixAwRGZsq,40-49,"$90,000 - $109,000",2,No,1,4,2,5,5,3,2,1,23
R_5nahnuOurJp6Yke,21-29,"$0 - $9,999",4 or more,Yes,5,5,1,3,4,1,4,1,24
R_ahsunmW7MleI8o6,40-49,"$30,000 - $49,000",None,No,2,3,3,1,5,2,3,4,23
R_0ohoDEVGZ1BdWGW,18-20,"$10,000 - $29,000",3,No,5,3,5,4,1,4,1,2,25
R_0jiDTUNtisUwJvw,21-29,"$30,000 - $49,000",3,No,5,4,1,2,5,4,3,2,26
R_9Y7Ix3HyFYMz12K,60 or older,"$110,000 or more",1,No,3,2,2,2,1,3,2,5,20
R_9WEMSrTjIMBXIb4,60 or older,"$110,000 or more",None,Yes,5,2,2,1,5,1,5,2,23
R_d4Fz5HJFdwh2Mwm,30-39,"$50,000 - $69,000",2,No,4,1,4,3,1,3,1,3,20
R_9sNc7JZ3an4JX1Q,30-39,"$70,000 - $89,000",1,Yes,1,3,2,4,5,2,2,5,24
R_ePPVHBSCSB8hrcG,17 or younger,"$110,000 or more",4 or more,No,5,4,3,3,1,5,2,2,25
R_9tzkdOWAePWSHHM,50-59,"$90,000 - $109,000",3,Yes,2,1,5,3,3,4,2,3,23
R_9KVjj6THPYoOXIi,60 or older,"$30,000 - $49,000",1,Yes,3,2,3,5,4,1,1,2,21
R_3Pjs7gLamkKGfLE,40-49,"$110,000 or more",2,Yes,5,1,3,1,3,4,1,5,23
R_1BP0U8tyLFaeDJ4,60 or older,"$30,000 - $49,000",4 or more,Yes,5,5,1,1,1,5,5,1,24
R_afaJPv7ioF7RAFM,21-29,"$50,000 - $69,000",3,Yes,1,3,3,2,1,3,1,4,18
R_3HI8JIpymGqig7k,40-49,"$10,000 - $29,000",2,Yes,2,3,2,1,3,4,3,5,23
R_0HfJddqnmTM5F30,40-49,"$30,000 - $49,000",3,No,4,4,2,1,3,2,1,5,22
R_3fJPVwDeoZ0oVwi,21-29,"$90,000 - $109,000",4 or more,No,2,4,2,5,1,3,5,3,25
R_emO7rcX1dnfwXj0,21-29,"$90,000 - $109,000",2,No,2,1,1,5,4,2,1,1,17
R_cU3xyfCFhYYDR78,21-29,"$90,000 - $109,000",4 or more,No,3,1,1,5,2,1,3,3,19
R_aY6bGjGDFTROREO,17 or younger,"$0 - $9,999",2,No,4,5,4,3,5,1,2,2,26
R_09vUenGr0GuNrdI,40-49,"$50,000 - $69,000",3,No,1,3,2,1,1,5,4,5,22
R_4Mmr60PBjrEJh0q,17 or younger,"$10,000 - $29,000",4 or more,No,3,2,3,2,1,5,4,5,25
R_2gdi64uSUWlmqay,50-59,"$90,000 - $109,000",3,No,2,5,5,4,2,4,2,3,27
R_0qxkwjk7pMr754i,21-29,"$10,000 - $29,000",2,No,5,1,3,5,2,2,1,2,21
R_8IlJvHTNzJqxeN8,21-29,"$110,000 or more",3,Yes,2,1,1,3,5,3,4,2,21
R_9miz8HiSMHQL9fE,18-20,"$30,000 - $49,000",2,Yes,3,3,5,3,5,4,4,5,32
R_2332ARPIaWiM4e2,50-59,"$110,000 or more",2,Yes,4,4,2,2,4,5,3,5,29
R_0DIsQKjqTt5owSi,30-39,"$10,000 - $29,000",2,Yes,1,5,2,2,3,3,5,1,22
R_bwNPVIB9gDFK8Hc,17 or younger,"$10,000 - $29,000",None,Yes,5,5,4,4,3,3,5,5,34
R_6PDs044z5j0yLCm,50-59,"$0 - $9,999",3,No,2,2,5,3,2,3,4,4,25
R_73f2hozf8gifALY,21-29,"$10,000 - $29,000",2,Yes,3,4,1,4,1,4,3,2,22
R_6xtCkTbDc7pD6pU,17 or younger,"$110,000 or more",1,Yes,3,1,5,5,1,3,2,1,21
R_2tUpE1AvsOc1MUe,60 or older,"$90,000 - $109,000",4 or more,No,4,3,4,2,5,1,4,3,26
R_e2nhlHOnbiWu2nc,21-29,"$30,000 - $49,000",3,No,5,4,4,3,1,3,4,3,27
R_4UyJm1Fqlw8rrgy,21-29,"$90,000 - $109,000",1,Yes,4,5,1,3,5,5,5,4,32
R_823ixws2dsnzFUa,17 or younger,"$90,000 - $109,000",None,No,1,4,1,2,2,1,1,2,14
R_eqSBJCo314sz9X0,30-39,"$90,000 - $109,000",None,Yes,5,3,3,5,2,5,3,1,27
R_eRrs6tSXuOQl2oC,50-59,"$70,000 - $89,000",1,Yes,4,2,3,1,1,1,2,5,19
R_bxfhlerta5gFlRk,17 or younger,"$70,000 - $89,000",2,No,1,2,2,2,4,1,2,5,19
R_08H3fFwVJICDXVQ,40-49,"$30,000 - $49,000",3,No,1,3,2,5,2,3,1,3,20
R_0iZr0uukt2avNEW,18-20,"$50,000 - $69,000",None,Yes,4,4,5,1,4,4,4,5,31
R_enYJFUN1EiU1TAa,21-29,"$90,000 - $109,000",2,Yes,4,4,5,3,5,5,5,5,36
R_3VE1qVLCiJkGZr8,30-39,"$0 - $9,999",2,No,4,1,5,4,3,1,3,4,25
R_eOF174kS936ugAe,30-39,"$70,000 - $89,000",4 or more,No,3,4,2,3,5,4,3,5,29
R_en9T8DOWPc9gHT8,60 or older,"$110,000 or more",2,Yes,2,2,5,3,3,3,4,3,25
R_6sRqqe9RuitOlgy,21-29,"$30,000 - $49,000",2,No,3,1,5,2,4,5,1,5,26
R_4OOWPj7p6JsfG06,50-59,"$70,000 - $89,000",None,No,2,3,5,1,1,5,3,5,25
R_37WZUkdNlDW2rmC,21-29,"$30,000 - $49,000",None,Yes,5,1,3,5,3,4,2,3,26
R_785QeXN74me5y5w,40-49,"$0 - $9,999",4 or more,Yes,1,2,4,1,3,4,5,4,24
R_dj2SZ6ZBBXPLDj8,60 or older,"$110,000 or more",4 or more,Yes,5,5,5,1,2,1,5,3,27
R_55VAVGVM7IbpFTU,60 or older,"$70,000 - $89,000",4 or more,Yes,4,5,3,3,5,1,5,1,27
R_3RbgUDGEDmk1kV0,40-49,"$50,000 - $69,000",1,No,5,5,4,1,3,3,1,1,23
R_8vTfCjhcEt6Ow2G,21-29,"$70,000 - $89,000",4 or more,No,1,4,2,3,4,3,3,3,23
R_8IYcr8G8OwD3scC,50-59,"$0 - $9,999",None,Yes,1,4,5,3,1,5,1,2,22
R_2tW3jRykRk7DKDQ,18-20,"$110,000 or more",4 or more,No,4,3,3,5,1,3,1,2,22
R_24EiLsMNBW8gnqK,30-39,"$70,000 - $89,000",None,Yes,2,5,5,4,1,3,2,5,27
R_9oCugvmtmYqkTsO,50-59,"$0 - $9,999",3,Yes,4,5,1,1,1,2,2,5,21
R_3BD9uvyFFor9hJ4,30-39,"$70,000 - $89,000",2,Yes,5,5,1,2,3,4,3,3,26
R_5zQpjwom1ipyClE,17 or younger,"$30,000 - $49,000",1,No,1,4,1,2,5,1,2,3,19
R_0oaRoRzEfd77SFU,50-59,"$70,000 - $89,000",2,Yes,2,3,4,1,1,3,2,3,19
R_3rTK7Ik57L1oW7c,21-29,"$90,000 - $109,000",1,Yes,1,1,3,4,4,5,1,4,23
R_bQ6ORSSn92Pz0nI,17 or younger,"$0 - $9,999",3,No,3,5,3,5,1,5,3,2,27
R_aafH3jgXFAXz9hY,60 or older,"$70,000 - $89,000",3,Yes,5,5,2,4,2,1,3,1,23
R_8Cy3tjXFvSuxgMu,30-39,"$0 - $9,999",1,Yes,3,4,5,4,5,2,1,2,26
R_88lA2RB2EBQ1nGS,50-59,"$10,000 - $29,000",2,Yes,3,2,5,2,5,3,5,4,29
R_cGC2fxWanyf8qnI,18-20,"$0 - $9,999",3,Yes,3,4,2,1,4,3,5,4,26
R_4IMa56JYzMKqYrc,17 or younger,"$90,000 - $109,000",2,Yes,2,3,3,1,2,5,1,5,22
R_82GUUiFW1X4A7hs,17 or younger,"$50,000 - $69,000",None,No,1,5,5,2,3,4,3,3,26
R_bDHi2Igg1ye02H4,60 or older,"$10,000 - $29,000",3,Yes,4,5,1,3,1,5,1,3,23
R_cDgR2TmF4jxehhQ,60 or older,"$70,000 - $89,000",3,Yes,3,4,4,1,2,2,5,5,26
R_5vT2q0hXTyPhvBY,50-59,"$0 - $9,999",2,Yes,2,5,2,1,4,5,2,1,22
R_begReh2ZQXWTHng,30-39,"$10,000 - $29,000",3,No,3,1,3,2,4,2,2,4,21
R_3s1fyRt6Ig3Wa7s,18-20,"$10,000 - $29,000",3,Yes,1,1,1,5,2,4,1,3,18
R_5gWksLW7JTL5WMC,18-20,"$0 - $9,999",1,No,2,4,5,1,5,3,2,5,27
R_b15wCRlyP9sx5ki,17 or younger,"$90,000 - $109,000",3,No,3,5,5,3,3,4,2,1,26
R_etCvDL2YQmvhR3w,30-39,"$10,000 - $29,000",4 or more,Yes,1,1,1,2,2,2,2,4,15
R_71HS4rXhTuetfYq,40-49,"$90,000 - $109,000",2,Yes,5,2,3,2,1,1,1,3,18
R_cBHH6G2gA4cON7M,60 or older,"$90,000 - $109,000",None,No,4,3,3,1,1,5,1,1,19
R_dg9ej3y3oUhVfOS,50-59,"$30,000 - $49,000",2,Yes,3,5,5,3,5,4,5,4,34
R_73w3u9DRigw8cGW,21-29,"$10,000 - $29,000",1,Yes,5,1,3,5,5,4,1,3,27
R_40mNKsqpEE4fprw,18-20,"$110,000 or more",1,Yes,4,3,4,1,3,4,1,4,24
R_1X3nHwzLEhl132C,40-49,"$30,000 - $49,000",3,Yes,1,4,2,3,5,5,3,4,27
R_bBdvLCgp9r0Y7fo,18-20,"$110,000 or more",1,No,1,4,2,3,5,1,2,4,22
R_bEMBlDiDGwAzJiu,50-59,"$90,000 - $109,000",3,Yes,2,2,2,1,5,5,1,2,20
R_3n4LpC09t9OL18q,40-49,"$0 - $9,999",2,No,1,2,4,2,4,5,2,3,23
R_abYyW7KXtdRsDBQ,21-29,"$10,000 - $29,000",4 or more,Yes,3,2,2,4,5,5,1,3,25
R_7Q9kuLZmpUci4wm,40-49,"$0 - $9,999",1,Yes,2,3,2,5,3,4,4,1,24
R_b336mTZ95lvih6u,17 or younger,"$90,000 - $109,000",2,No,3,1,1,3,5,3,1,4,21
R_cOu6VfUW5YgQRdY,30-39,"$110,000 or more",3,No,2,3,4,4,3,2,4,1,23
R_5tHUZ9G9FTw8ENU,50-59,"$70,000 - $89,000",1,No,4,4,5,4,5,5,3,3,33
R_blJj3WvUPt3mdz8,18-20,"$30,000 - $49,000",3,Yes,2,3,5,4,5,5,4,5,33
R_2sLOuKBzZSwHDFA,21-29,"$90,000 - $109,000",3,No,1,4,1,2,5,5,2,2,22
R_2nJnVHYPRMTM3Yi,17 or younger,"$30,000 - $49,000",None,Yes,2,5,3,4,3,3,4,5,29
R_byeQZBdAQJrxyIu,30-39,"$10,000 - $29,000",None,No,5,5,4,4,2,1,4,1,26
R_cTos8jSyHNWhIc6,17 or younger,"$110,000 or more",4 or more,Yes,2,1,2,1,4,3,3,3,19
R_0cznnGuArGhqMAu,21-29,"$10,000 - $29,000",2,Yes,2,1,3,3,2,4,2,3,20
R_1Yr48TkjBnjuwfk,40-49,"$50,000 - $69,000",2,No,5,5,3,5,1,4,3,3,29
R_8zT7vifls3mHmbI,30-39,"$70,000 - $89,000",4 or more,No,3,3,4,2,2,5,1,1,21
R_8jPl3MfnSpx9fD0,21-29,"$90,000 - $109,000",4 or more,No,2,5,5,3,5,3,1,5,29
R_3rs2X7IBmufDMrk,60 or older,"$110,000 or more",4 or more,No,4,4,4,1,3,1,2,3,22
R_26xqBsXIEHmA0uO,21-29,"$30,000 - $49,000",1,Yes,1,2,2,5,2,2,2,5,21
R_3f5nVOWPc3pgzvo,17 or younger,"$30,000 - $49,000",1,No,2,5,2,5,1,5,4,1,25
R_b71G6m2fJJyICoe,60 or older,"$70,000 - $89,000",None,No,2,1,3,1,2,4,5,1,19
R_ahppsCrq47o5oqO,30-39,"$70,000 - $89,000",4 or more,No,2,3,5,5,5,1,3,2,26
R_eL4nyEeLKfbDoi2,18-20,"$50,000 - $69,000",1,Yes,1,3,4,4,4,4,4,3,27
R_73xdR9hltkKhiPs,30-39,"$10,000 - $29,000",3,No,2,3,5,5,5,4,2,2,28
R_6hAL9JvEU89M3tQ,30-39,"$50,000 - $69,000",None,No,2,3,3,2,3,3,1,5,22
R_0JtkQkEIH1wQkgC,60 or older,"$70,000 - $89,000",None,No,3,3,2,1,5,5,4,5,28
R_8pPrN0P1ZuM1B7o,17 or younger,"$50,000 - $69,000",4 or more,Yes,3,2,4,5,1,1,5,5,26
R_6VGie282YbF7XLg,50-59,"$50,000 - $69,000",None,Yes,5,3,5,5,1,2,2,4,27
R_8HfzXWiJcyKGzoG,60 or older,"$30,000 - $49,000",3,Yes,3,4,1,1,3,1,2,4,19
R_6QYYtC4VjdOdUO2,21-29,"$30,000 - $49,000",2,Yes,4,4,5,3,2,1,3,4,26
R_3ltfwia4yxKeipM,50-59,"$10,000 - $29,000",3,No,3,1,5,2,5,5,5,4,30
R_bvCyE8qZPub2T1s,21-29,"$10,000 - $29,000",None,No,4,2,4,1,2,4,4,1,22
R_bmtG6gNVbhzzoEe,18-20,"$110,000 or more",1,Yes,3,2,1,2,3,2,2,4,19
R_4U7K3VGmVEMBtZ4,30-39,"$0 - $9,999",1,No,3,1,5,3,1,5,3,5,26
R_eW2Y4MfqnO8Wz6C,40-49,"$90,000 - $109,000",1,Yes,4,4,3,2,3,3,2,1,22
R_bf1A6lKZDtNHM9g,30-39,"$110,000 or more",4 or more,No,1,1,2,2,3,5,4,4,22
R_3CWLs3qTXP7Hwwu,17 or younger,"$30,000 - $49,000",2,Yes,3,3,2,1,1,2,1,1,14
R_db5xFYMhP0wTX7M,17 or younger,"$50,000 - $69,000",1,No,2,5,5,1,2,1,1,4,21
R_0SPmfVvQbF0kp82,60 or older,"$90,000 - $109,000",None,Yes,3,2,1,5,1,5,3,2,22
R_3CY8glZdMLZwGlE,18-20,"$50,000 - $69,000",4 or more,No,2,5,2,5,1,4,4,5,28
R_4NntYJi1sULVsSG,50-59,"$0 - $9,999",None,No,3,3,3,2,3,3,1,5,23
R_cSh8XB2VoetLOTA,21-29,"$0 - $9,999",1,No,3,2,5,4,5,3,4,3,29
R_9sltzs2v1SVMIrc,18-20,"$90,000 - $109,000",1,Yes,1,1,1,3,4,5,5,3,23
R_5tenIoqdalOl4yO,60 or older,"$110,000 or more",3,Yes,3,4,1,2,3,1,5,2,21
R_4GTdeeJ88YlGiDs,60 or older,"$10,000 - $29,000",2,Yes,1,3,2,5,4,2,3,2,22
R_eQkKval1iFk0WSW,17 or younger,"$50,000 - $69,000",4 or more,Yes,2,3,3,1,2,2,1,5,19
R_00zXrGBmKsrYLnU,21-29,"$50,000 - $69,000",2,No,4,1,1,2,5,3,3,4,23
R_bjtFfbBslSzVddk,30-39,"$110,000 or more",1,No,1,4,1,5,4,3,2,3,23
R_cAT0I9X5Kdc0ILA,21-29,"$10,000 - $29,000",None,Yes,3,5,2,2,3,2,5,4,26
R_eWhgtahu2Ctaq6W,50-59,"$50,000 - $69,000",3,No,5,2,2,4,4,5,5,3,30
R_0fcVNLJP0ZzRnr8,17 or younger,"$110,000 or more",4 or more,No,4,4,2,2,1,4,5,1,23
R_6hzGFhMfVWUqpfw,18-20,"$50,000 - $69,000",1,Yes,3,3,5,2,4,4,5,5,31
R_2fdXj22zzAWYrmm,21-29,"$90,000 - $109,000",3,Yes,5,2,1,4,2,5,2,4,25
R_2sLS8G4FmTQhzNk,40-49,"$50,000 - $69,000",2,Yes,1,5,1,5,5,2,4,5,28
R_4JlaSVICne4ZaZg,18-20,"$30,000 - $49,000",1,Yes,4,4,3,3,5,1,1,2,23
R_0Hhu4axLX3c03vE,60 or older,"$0 - $9,999",1,Yes,1,2,5,5,1,2,3,1,20
R_b3dEPNGVvlIZgQ6,50-59,"$10,000 - $29,000",1,Yes,5,3,2,3,2,5,3,5,28
R_6wXk92iwsrBHiLk,30-39,"$30,000 - $49,000",1,No,1,1,4,3,5,1,2,5,22
R_1ZmxwCbdawvYjRA,50-59,"$10,000 - $29,000",1,No,1,3,1,3,5,3,2,1,19
R_3lsvITqFP9aTAnI,18-20,"$110,000 or more",2,Yes,2,4,1,5,5,1,5,3,26
R_eWqRgHMStTLKRaS,60 or older,"$30,000 - $49,000",1,No,2,5,4,3,5,3,1,4,27
R_5BUXoKofFAOkAx8,30-39,"$10,000 - $29,000",3,Yes,2,3,5,2,3,5,5,2,27
R_7QFNd53FiOKDnYa,21-29,"$110,000 or more",None,Yes,2,2,5,4,5,5,1,2,26
R_e96BgJsWeXPrc2O,30-39,"$110,000 or more",4 or more,No,1,2,4,4,4,5,1,4,25
R_bJJpZf1lCNDwaEK,17 or younger,"$90,000 - $109,000",1,Yes,4,5,3,2,3,2,1,1,21
R_b90wkEkCl0ZXVOu,21-29,"$70,000 - $89,000",3,Yes,4,1,5,2,2,5,3,5,27
R_6xvuwEml3wFtpkO,50-59,"$90,000 - $109,000",1,No,3,3,1,4,2,1,5,4,23
R_a9IfUGmhUlRnPtc,40-49,"$10,000 - $29,000",3,Yes,2,3,5,1,2,1,5,2,21
R_74lcbkd5tiRYogC,40-49,"$70,000 - $89,000",1,Yes,4,2,3,2,4,5,2,3,25
R_1RdspiuLZksvggK,17 or younger,"$30,000 - $49,000",None,Yes,5,3,1,1,1,4,1,3,19
R_eRt64kNU9RxjNqK,21-29,"$90,000 - $109,000",1,Yes,4,5,4,5,4,4,4,5,35
R_06qO5hVhpvBOeeq,21-29,"$70,000 - $89,000",2,No,3,5,2,3,4,3,4,2,26
R_3mw08mQxFap4G34,17 or younger,"$110,000 or more",4 or more,No,4,5,4,3,1,2,5,4,28
R_5w1agj4DRVrzqzY,17 or younger,"$70,000 - $89,000",None,Yes,4,5,4,3,5,5,2,3,31
R_exNK2MRegPFBSaa,50-59,"$70,000 - $89,000",1,Yes,4,1,5,4,1,1,3,5,24
R_7QldrPmX5t9OLXM,30-39,"$90,000 - $109,000",1,No,3,2,4,3,5,3,2,5,27
R_2ov8AvbW44PFKSy,60 or older,"$70,000 - $89,000",1,Yes,2,4,4,4,3,5,3,1,26
R_6AnTAk08iNNWO3Q,17 or younger,"$30,000 - $49,000",None,No,5,1,4,3,3,3,3,2,24
R_eL3eQWlhKAWSnzg,40-49,"$70,000 - $89,000",3,Yes,1,3,4,1,5,5,2,1,22
R_4Z4tiKtMfwGnKce,17 or younger,"$110,000 or more",2,Yes,2,3,4,4,4,3,3,2,25
R_1H2cBfKrGkfI64S,30-39,"$0 - $9,999",None,No,2,4,4,4,3,2,2,4,25
R_bxh4lyjAkc3iOii,40-49,"$90,000 - $109,000",None,No,4,1,1,3,3,2,3,3,20
R_40HtAWaM71RRkjA,21-29,"$90,000 - $109,000",None,No,5,3,2,3,1,1,5,4,24
R_2f2gave3HJuslme,18-20,"$110,000 or more",1,Yes,3,2,2,1,3,2,1,3,17
R_cHHcnTTF3DWRuDk,50-59,"$30,000 - $49,000",2,Yes,1,4,4,3,2,4,1,1,20
R_03CaV170E61f0qO,50-59,"$70,000 - $89,000",3,Yes,2,4,1,1,5,3,4,2,22
R_8Il7bbp8irJQx26,17 or younger,"$30,000 - $49,000",3,No,4,5,5,1,2,1,1,1,20
R_bKnpPcC9qTHmN1Q,18-20,"$70,000 - $89,000",2,No,5,2,5,3,3,1,1,5,25
R_aWRq1bXEFBA0t4a,21-29,"$50,000 - $69,000",1,Yes,4,1,1,4,3,1,1,4,19
R_428aCuXbw0FJS3s,21-29,"$10,000 - $29,000",2,Yes,3,2,1,2,4,5,3,1,21
R_3vMSxPQwZlG11We,40-49,"$70,000 - $89,000",1,Yes,2,3,2,4,2,4,3,1,21
R_2mdqsj6Ey0zS3Cm,30-39,"$110,000 or more",2,No,1,2,1,1,3,3,4,4,19
R_8uIi3vyYIhgMG1g,50-59,"$10,000 - $29,000",3,No,3,1,5,1,4,2,1,4,21
R_77ZXz96rkuRJFBk,21-29,"$90,000 - $109,000",2,Yes,5,1,4,3,4,1,3,2,23
R_1Ie2Y4rLjX6mP42,17 or younger,"$70,000 - $89,000",4 or more,No,3,2,1,1,5,1,5,1,19
R_eg6qFgnmSXLatts,60 or older,"$110,000 or more",2,Yes,1,2,4,4,4,3,1,4,23
R_6lBg3Z2MyCIuAlw,18-20,"$110,000 or more",2,Yes,3,2,1,4,1,1,5,1,18
R_9zWwREWnvWcQkbY,17 or younger,"$0 - $9,999",2,No,5,3,1,1,2,2,5,1,20
R_a5kyeoGzxg8cfC6,30-39,"$110,000 or more",3,Yes,2,1,3,1,4,1,2,4,18
R_9EPu0DyEXkjxwTs,18-20,"$30,000 - $49,000",None,Yes,5,1,4,3,4,3,4,2,26
R_02nXmoHnmA3NfF4,21-29,"$90,000 - $109,000",2,No,4,1,5,4,1,5,1,1,22
R_afqCONQKKPBG88C,18-20,"$0 - $9,999",1,Yes,5,1,5,2,3,4,5,2,27
R_3dyZYULl7GAKZn0,17 or younger,"$30,000 - $49,000",1,No,5,1,5,1,5,3,5,5,30
R_bvWOaoSrxMVnQou,40-49,"$30,000 - $49,000",1,No,5,4,3,4,5,1,2,5,29
R_a4VdeBHDjIpwFyC,30-39,"$90,000 - $109,000",3,Yes,5,3,5,1,1,5,4,2,26
R_6yzzJYtZGt3R1e6,50-59,"$90,000 - $109,000",1,No,2,2,2,1,4,1,2,2,16
R_1zumrvg23pPN87Y,17 or younger,"$30,000 - $49,000",3,No,1,4,5,1,4,2,1,3,21
R_4YnLlIanaqC4eJU,60 or older,"$30,000 - $49,000",4 or more,Yes,3,4,3,1,3,3,3,1,21
R_eX3zQRfQxgGPifA,17 or younger,"$50,000 - $69,000",4 or more,No,3,4,4,5,4,1,5,4,30
R_cuSFeCY3Fn2dC8S,18-20,"$0 - $9,999",2,Yes,2,1,1,3,5,4,4,1,21
R_7apL0hPirWeIzQO,18-20,"$0 - $9,999",4 or more,No,3,2,2,5,5,5,1,2,25
R_6m0nuA6ck7WwhKK,17 or younger,"$50,000 - $69,000",4 or more,Yes,2,3,3,5,1,4,4,1,23
R_1BoY2yQVOiWvV0a,21-29,"$110,000 or more",1,Yes,3,4,4,3,2,5,3,2,26
R_7NCTdTBpmIdms18,17 or younger,"$70,000 - $89,000",2,Yes,1,3,5,5,1,1,5,5,26
R_7UMkpgoCc8kZTFQ,40-49,"$90,000 - $109,000",4 or more,Yes,3,3,3,2,2,2,3,3,21
R_eyemb1zK2RLltjw,40-49,"$110,000 or more",2,No,1,5,2,5,1,2,5,5,26
R_5tKuEq1xU2kZR3M,60 or older,"$50,000 - $69,000",2,No,3,1,5,1,5,4,4,2,25
R_bQsHADYuAI88nC6,17 or younger,"$50,000 - $69,000",2,Yes,4,2,4,2,3,5,4,3,27
R_aUWR7XxH8v6JuCi,40-49,"$70,000 - $89,000",2,Yes,2,5,3,2,1,1,4,2,20
R_8ICpeoeqYXrcsZM,60 or older,"$70,000 - $89,000",3,Yes,1,4,5,5,1,2,2,3,23
R_6yWHDeQzfryQHOK,21-29,"$70,000 - $89,000",None,Yes,5,4,4,4,3,3,1,4,28
R_3aWAsLyeRPKZEk6,60 or older,"$0 - $9,999",None,Yes,5,1,4,3,1,2,4,1,21
R_d4furQ7xGhUTguG,60 or older,"$50,000 - $69,000",3,No,2,2,4,3,5,3,5,1,25
R_bxXkUzY05iUl8Xk,21-29,"$10,000 - $29,000",1,Yes,4,5,3,4,1,2,1,3,23
R_4ZbkrOmJ7oHDbLg,17 or younger,"$110,000 or more",4 or more,Yes,5,1,1,3,2,3,3,1,19
R_0pUc76WoJKLF5FI,50-59,"$90,000 - $109,000",3,No,1,5,5,5,3,4,4,4,31
R_eaIi7SmgaMjx7r8,50-59,"$0 - $9,999",4 or more,No,4,2,3,2,3,2,3,1,20
R_eFFwq4sL901XJf8,40-49,"$10,000 - $29,000",2,Yes,4,5,4,3,1,1,3,1,22
R_bPgqaLcXyfeSlUy,18-20,"$10,000 - $29,000",3,Yes,2,5,1,5,3,2,2,5,25
R_6EV2ucczRw8Qdeu,40-49,"$50,000 - $69,000",4 or more,Yes,4,4,5,4,4,3,2,4,30
R_0eL9ASE549HnCqq,50-59,"$90,000 - $109,000",1,No,1,4,4,3,3,3,3,4,25
R_57L5ZsAPeHkCn5k,60 or older,"$50,000 - $69,000",None,Yes,2,1,3,1,2,5,2,5,21
R_2ixfDsvECYlBjwy,30-39,"$110,000 or more",4 or more,Yes,4,3,4,5,1,3,1,1,22
R_5oLImLnc86rXeoS,18-20,"$10,000 - $29,000",3,No,4,2,5,1,4,1,1,2,20
R_b1RQduc9n82xeQK,30-39,"$0 - $9,999",None,No,1,2,4,5,5,2,1,2,22
R_8vuMIty827ZV02O,18-20,"$90,000 - $109,000",4 or more,Yes,1,3,3,1,5,5,2,2,22
R_6Q0Cm8RZcwvZF4O,40-49,"$70,000 - $89,000",2,No,5,2,1,1,1,1,2,3,16
R_2brMzO3eiL0AZwy,17 or younger,"$70,000 - $89,000",2,Yes,2,5,3,2,5,3,3,4,27
R_2fSzkYs1TfEkBz8,30-39,"$50,000 - $69,000",4 or more,No,2,4,2,5,3,2,5,4,27
R_7X4KxKXqF2FSnBA,18-20,"$30,000 - $49,000",3,No,5,5,2,2,3,2,2,5,26
R_02iKLoF3quCk70W,60 or older,"$10,000 - $29,000",2,Yes,3,2,1,4,3,1,5,2,21
R_3WQFSiMfw82Hqf4,30-39,"$110,000 or more",3,No,2,5,3,5,4,4,2,4,29
R_9TetnAjpk9YMeqO,30-39,"$110,000 or more",1,Yes,5,2,1,4,5,4,2,5,28
R_9um4Z7V1cbSoIES,18-20,"$50,000 - $69,000",1,No,5,1,2,4,1,3,3,4,23
R_2iCJeSkWD3Iffim,40-49,"$0 - $9,999",4 or more,No,4,1,5,5,1,5,2,3,26
R_9RdSCg5tQcnOB7M,60 or older,"$30,000 - $49,000",None,Yes,4,3,1,1,3,5,5,4,26
R_37VjWBuRWKNemO2,30-39,"$50,000 - $69,000",3,Yes,4,5,2,5,4,2,4,3,29
R_e9ei2HlXxwgfIma,40-49,"$70,000 - $89,000",None,No,1,3,3,5,3,5,1,4,25
R_a3qLkOctEnKa4gS,17 or younger,"$110,000 or more",1,Yes,1,1,5,2,5,1,2,2,19
R_beDMnfX17hHeSFM,18-20,"$10,000 - $29,000",4 or more,No,2,5,5,1,2,4,4,1,24
R_2fZgQBZhrdTyRmK,60 or older,"$30,000 - $49,000",2,Yes,1,2,3,5,4,2,5,5,27
R_0MnjEiCu1mUMGOi,30-39,"$30,000 - $49,000",3,Yes,3,4,1,5,2,5,5,4,29
R_6eQIMtOFWhYdq2W,21-29,"$0 - $9,999",None,No,3,5,3,1,2,2,2,2,20
R_1FIxmIE1btrY6QS,50-59,"$30,000 - $49,000",4 or more,No,1,4,1,4,5,5,3,4,27
R_8ensznGbc9GGR7w,50-59,"$10,000 - $29,000",3,No,1,4,3,2,5,3,5,4,27
R_blNEZJyI8bfPxbM,40-49,"$90,000 - $109,000",None,Yes,4,3,1,3,3,2,1,3,20
R_bwHmWmO8Zx5UhXo,18-20,"$50,000 - $69,000",1,Yes,2,3,3,3,4,4,1,1,21
R_ekQauDJJ5zH4uc6,18-20,"$0 - $9,999",1,No,5,3,1,1,1,5,4,2,22
R_25fbtpLrS9Y3Uge,17 or younger,"$50,000 - $69,000",None,Yes,4,2,4,3,1,3,1,5,23
R_danHN41t18MunFY,21-29,"$0 - $9,999",None,No,3,1,1,4,5,3,3,5,25
R_dm1SlQVbnrc73ka,30-39,"$90,000 - $109,000",3,No,1,3,2,3,2,5,2,1,19
R_3KkTPDxGOyvWwPs,18-20,"$70,000 - $89,000",4 or more,Yes,5,1,1,3,4,1,2,5,22
R_3UJdBTuZeIiiFM2,50-59,"$30,000 - $49,000",2,No,1,5,5,4,4,4,1,1,25
R_0VZc9BHv5n9doVw,40-49,"$110,000 or more",4 or more,No,2,5,3,2,1,1,1,3,18
R_9mF8tHUcrnQgoGG,50-59,"$70,000 - $89,000",2,Yes,5,3,2,4,1,4,5,1,25
R_42Brh9sfKnc7UfI,17 or younger,"$110,000 or more",4 or more,No,5,4,2,3,5,5,2,1,27
R_cUzdN5DWerQa8h8,17 or younger,"$90,000 - $109,000",1,No,2,3,3,4,1,1,2,1,17
R_0fagDarYBdMFbbE,17 or younger,"$110,000 or more",3,Yes,5,4,4,1,4,1,4,4,27
R_cDg8BuFVxy1qbH0,17 or younger,"$70,000 - $89,000",3,Yes,2,1,4,1,3,2,1,5,19
R_0qse03KRlCxp782,18-20,"$30,000 - $49,000",1,Yes,2,2,2,2,4,1,5,3,21
R_1LK87y8cRvKTBhs,17 or younger,"$110,000 or more",4 or more,No,2,3,5,4,2,4,4,1,25
R_egv8rJH1MHqMb3M,21-29,"$110,000 or more",3,Yes,5,1,2,1,1,5,4,5,24
R_aVs4h1EKxlOQS1w,40-49,"$0 - $9,999",1,No,4,1,2,2,1,5,5,1,21
R_6QJTxTsd5hFNnCu,21-29,"$110,000 or more",1,Yes,2,1,5,5,3,2,5,1,24
R_56IgNKN7RK2g3f8,17 or younger,"$50,000 - $69,000",3,Yes,4,5,4,4,3,4,5,2,31
R_6XyUSp5pkFK40ho,18-20,"$90,000 - $109,000",3,Yes,5,5,2,4,4,2,5,2,29
R_db6hThujCkwQ3Xw,60 or older,"$90,000 - $109,000",1,Yes,4,3,2,4,5,1,2,3,24
