ResponseId,Q1,Q2,Q3,Q4,Q13,Q5,Q6,Q7,Q8,Q9,Q10,Q11,Q12,AI Trust Score
R_1N3DPujKTQkfB78,30-39,"$0 - $9,999",2,No,1320,1,3,3,1,4,1,1,5,19
R_6syddYFXXoo59eS,17 or younger,"$110,000 or more",2,Yes,60,3,2,4,2,5,1,4,3,24
R_dgmioP3JvmUcNNk,21-29,"$10,000 - $29,000",None,Yes,900,3,5,1,4,2,2,5,3,25
R_3VKk9ZR4wPdIDrw,60 or older,"$10,000 - $29,000",3,No,1260,2,1,4,1,4,5,2,4,23
R_cMg4kVZ2wG5jUx0,30-39,"$30,000 - $49,000",2,Yes,1320,4,1,5,5,4,5,4,5,33
R_cSHnKd7xtyxfW5w,60 or older,"$90,000 - $109,000",2,No,0,2,5,2,3,2,5,1,5,25
R_08scWtxY8agM44e,50-59,"$90,000 - $109,000",None,Yes,260,1,1,4,3,1,2,2,5,19
R_9ZgfgTDJpNLqx0i,30-39,"$90,000 - $109,000",1,No,1100,5,1,3,4,5,2,5,5,30
R_6mUunrYbSWfVjO6,21-29,"$110,000 or more",None,Yes,440,3,2,1,2,2,2,4,3,19
R_80uO815LNZ6VTYW,18-20,"$0 - $9,999",None,Yes,200,5,4,3,3,5,2,1,2,25
R_czH5QvmNKN3qzau,50-59,"$110,000 or more",1,Yes,960,1,2,4,4,2,2,5,5,25
R_aWY8t574Zr0dOFE,18-20,"$70,000 - $89,000",1,No,20,1,2,3,1,3,5,3,2,20
R_0SQMZ7XSwF9ZGlg,18-20,"$90,000 - $109,000",None,No,1740,4,5,2,5,2,4,1,5,28
R_2mkUoY1kTKFyiDs,17 or younger,"$0 - $9,999",4 or more,Yes,1240,2,1,3,3,4,5,1,2,21
R_eRs3cxgixH3MVN4,60 or older,"$10,000 - $29,000",1,No,560,4,2,4,5,2,2,5,3,27
R_cSWsWHhpz661pl4,17 or younger,"$0 - $9,999",1,Yes,1700,1,3,4,1,4,4,4,1,22
R_6EF5snSGw4noUGq,40-49,"$50,000 - $69,000",3,Yes,580,5,5,1,2,4,1,4,3,25
R_87zOfWKBuUVhXXo,18-20,"$10,000 - $29,000",4 or more,Yes,160,4,5,4,1,2,5,4,3,28
R_9yq0TrouyIfIer4,50-59,"$90,000 - $109,000",None,No,1840,2,3,1,1,4,3,5,5,24
R_aftFLLB6RZisPb0,17 or younger,"$10,000 - $29,000",4 or more,Yes,1820,5,2,1,2,1,2,5,5,23
R_8kbIAupZz2xBSiW,30-39,"$30,000 - $49,000",3,Yes,780,1,4,2,3,4,4,2,5,25
R_bw5L3WR61gl0KFw,60 or older,"$70,000 - $89,000",1,No,1340,4,1,4,5,2,3,3,4,26
R_b2W2AxywGdyxDMy,40-49,"$50,000 - $69,000",3,No,1940,1,5,5,3,3,5,2,3,27
R_0IXoDys97b7uNBY,17 or younger,"$90,000 - $109,000",3,Yes,1120,1,2,1,2,5,4,3,3,21
R_5p3AQMVhPaaLPyC,40-49,"$50,000 - $69,000",1,No,320,1,3,1,5,4,4,1,1,20
R_6gLr0xyyXHrHllQ,50-59,"$10,000 - $29,000",None,Yes,1080,5,3,2,2,3,4,1,2,22
R_6KzWUktQX2ngWkC,40-49,"$70,000 - $89,000",4 or more,Yes,960,4,3,3,2,2,3,1,3,21
R_25zhZxcmYREUKeq,60 or older,"$0 - $9,999",3,Yes,1620,5,3,1,3,2,2,3,4,23
R_engLNoaHYZhyGnY,17 or younger,"$0 - $9,999",4 or more,Yes,60,1,4,1,3,1,3,4,3,20
R_7QU3kgex2HRvDAa,40-49,"$90,000 - $109,000",2,No,1540,4,4,1,3,5,2,1,3,23
R_cGgsWrSTr9q1B0a,60 or older,"$0 - $9,999",2,No,1780,4,1,4,4,1,3,2,4,23
R_cJ7yNBJGMINPD7g,40-49,"$0 - $9,999",None,Yes,20,4,3,4,4,1,5,5,1,27
R_57jjcrTqqp5Ue90,40-49,"$70,000 - $89,000",None,Yes,1380,5,2,2,4,1,5,5,2,26
R_2c4cAOvjY6uuu4S,30-39,"$10,000 - $29,000",2,No,1900,1,2,2,1,3,1,5,4,19
R_eeXAEDEOloS1NRA,18-20,"$110,000 or more",3,Yes,1140,5,4,4,5,3,3,3,4,31
R_37O2qDFomeUMObA,18-20,"$50,000 - $69,000",None,Yes,200,3,3,4,1,3,1,4,3,22
R_5zIZQdQS2xHycK2,60 or older,"$10,000 - $29,000",4 or more,No,940,1,4,3,5,3,4,2,5,27
R_0TzZAkuqvqbJMEu,18-20,"$110,000 or more",2,Yes,200,5,5,1,1,2,4,3,4,25
R_cUvm6Iv4D90w8n4,30-39,"$70,000 - $89,000",4 or more,No,540,5,2,1,1,4,1,4,2,20
R_74hmF9SHqNEEI6i,30-39,"$70,000 - $89,000",2,Yes,40,4,2,1,2,3,3,3,2,20
R_2uzdRNwJIT0q9Xo,50-59,"$0 - $9,999",1,No,1120,3,5,5,2,4,1,5,4,29
R_7WdMAfiiweIdBxI,17 or younger,"$0 - $9,999",None,Yes,100,2,3,2,5,2,1,1,2,18
R_e9BMBz5LefqX1To,40-49,"$50,000 - $69,000",4 or more,No,1760,2,3,3,4,1,2,2,4,21
R_bEDlu2kLThreXkO,50-59,"$0 - $9,999",None,No,1520,1,3,4,4,4,3,3,2,24
R_77CIN9OGMrso4Um,18-20,"$110,000 or more",None,Yes,760,4,5,5,2,1,3,1,4,25
R_3xTxIQVToK1eSh0,50-59,"$10,000 - $29,000",2,Yes,1680,3,4,1,1,3,4,3,5,24
R_5thFWehB6VencO2,40-49,"$10,000 - $29,000",3,Yes,660,1,5,5,4,2,3,5,4,29
R_74LMxphKoSfGUiW,60 or older,"$110,000 or more",None,Yes,1880,4,1,4,1,2,2,2,2,18
R_cSGycYqfQHn5nr8,17 or younger,"$70,000 - $89,000",4 or more,No,1340,2,1,5,2,3,1,2,4,20
R_bxsL1ii2fKcYULQ,17 or younger,"$0 - $9,999",None,No,420,5,3,2,2,1,3,4,2,22
R_eg7vybskYvL77GS,40-49,"$110,000 or more",3,Yes,1580,1,2,1,3,1,4,3,3,18
R_eL0aSNWtKXiX4yy,30-39,"$90,000 - $109,000",2,No,120,5,5,2,5,2,2,4,1,26
R_0OhJXhY7slyLRFc,30-39,"$30,000 - $49,000",2,No,20,2,1,1,4,5,5,5,2,25
R_77FDyH7miftnmCi,40-49,"$50,000 - $69,000",2,No,1420,2,4,4,3,2,5,2,4,26
R_eXN3Uop2u7zUnEW,50-59,"$30,000 - $49,000",2,No,1600,5,3,2,2,5,4,1,2,24
R_0psFTZEwQMEd0hw,50-59,"$10,000 - $29,000",3,Yes,1440,1,5,1,3,2,4,4,1,21
R_8Iyhl6OuKIA8kt0,17 or younger,"$90,000 - $109,000",3,No,800,1,4,3,5,4,2,2,4,25
R_exHw2Ttxd6p0Xoa,60 or older,"$110,000 or more",3,No,700,5,1,3,3,4,2,5,5,28
R_eKzIg2SbcICBm7k,60 or older,"$0 - $9,999",2,No,1620,2,2,2,2,1,5,4,2,20
R_0wxt96PChfkL64u,40-49,"$30,000 - $49,000",4 or more,Yes,420,3,3,2,2,5,1,1,5,22
R_7OQx8qcTkp45KFU,60 or older,"$70,000 - $89,000",4 or more,Yes,1840,1,3,4,1,3,2,2,5,21
R_afbUwlUFHuvcWCG,50-59,"$30,000 - $49,000",2,No,1300,1,4,4,3,3,4,1,1,21
R_3qu7PJIxR3AsbTo,60 or older,"$70,000 - $89,000",3,No,560,4,5,5,5,3,3,4,2,31
R_ctEui5RKY52GrnE,40-49,"$110,000 or more",None,No,820,4,1,3,2,5,3,2,5,25
R_8qB2eqpt1zOFM9M,40-49,"$90,000 - $109,000",4 or more,Yes,1620,1,4,2,4,5,2,2,1,21
R_5vWUQukwmuGRRAi,40-49,"$50,000 - $69,000",None,No,1200,2,1,2,2,2,5,4,4,22
R_6y7166wO7AZwHUa,40-49,"$0 - $9,999",None,No,280,1,4,5,5,4,5,2,4,30
R_8qOizAMPxScnMPQ,50-59,"$110,000 or more",3,No,2000,5,1,2,2,4,5,1,4,24
R_8e1wmgeB5kfYZkW,50-59,"$10,000 - $29,000",2,No,1240,1,4,4,2,1,5,1,3,21
R_0xLI1moiaJHrWQu,21-29,"$10,000 - $29,000",None,Yes,880,2,5,3,1,5,4,2,1,23
R_6JPJqC9iyEWRmey,40-49,"$0 - $9,999",3,Yes,1380,2,3,4,4,4,5,1,4,27
R_4IApMnmdmPj2ihM,30-39,"$90,000 - $109,000",None,Yes,460,4,2,1,4,3,5,2,4,25
R_bfkJpX2hHkmjEOi,18-20,"$110,000 or more",3,Yes,1080,1,2,3,3,5,4,5,5,28
R_0SvRTfZMeJpvrXE,30-39,"$90,000 - $109,000",1,Yes,660,5,1,2,4,1,4,1,1,19
R_55CxI1ax3ogZSxE,17 or younger,"$0 - $9,999",None,Yes,2000,4,5,5,1,5,1,4,2,27
R_2cb5q9Hy8UzfTbo,50-59,"$70,000 - $89,000",None,Yes,520,5,4,4,4,3,3,4,2,29
R_5nY4y7zg8gajlRA,40-49,"$10,000 - $29,000",3,No,1380,2,1,5,1,1,5,2,2,19
R_0NWw72peKjImmAm,17 or younger,"$0 - $9,999",None,No,1880,3,1,2,2,1,2,5,3,19
R_4GFFzYd9NGdi6Hk,21-29,"$30,000 - $49,000",1,Yes,360,3,4,4,1,4,4,4,1,25
R_bCNNYceXHtNVY6a,60 or older,"$50,000 - $69,000",4 or more,Yes,1760,4,3,1,5,5,4,4,5,31
R_3zcci9RuM1frUz4,18-20,"$70,000 - $89,000",4 or more,No,1160,2,1,3,4,5,5,2,4,26
R_behEU2J8r4IfeDA,21-29,"$10,000 - $29,000",2,Yes,1900,5,1,1,2,4,5,1,1,20
R_cOL9R3JKnwaQxW6,60 or older,"$90,000 - $109,000",None,Yes,2000,1,5,2,4,5,1,5,2,25
R_85OlbIIPBzLgPYO,17 or younger,"$90,000 - $109,000",None,No,60,2,4,3,1,4,1,4,3,22
R_8i6nvo6csyqyg3c,50-59,"$10,000 - $29,000",3,No,1340,5,1,1,2,2,3,5,3,22
R_3l0H9aNYlLEvlpc,21-29,"$70,000 - $89,000",1,No,580,1,1,1,5,5,2,2,3,20
R_3HSQZKUMwE0VVGe,40-49,"$50,000 - $69,000",4 or more,No,1960,1,5,3,3,4,5,2,1,24
R_720I1BXtUSwApOS,21-29,"$70,000 - $89,000",None,No,40,2,2,5,3,4,4,1,3,24
R_0w73amNc3QvAODc,30-39,"$10,000 - $29,000",None,No,180,4,4,4,3,1,5,3,4,28
R_5hdUykEBbdZ6NX8,50-59,"$110,000 or more",None,No,540,2,4,4,4,1,5,5,2,27
R_eUQxLxvhc6PxywC,50-59,"$0 - $9,999",None,Yes,1840,2,1,1,5,1,3,1,2,16
R_e3yqhQvj0aerwPQ,17 or younger,"$70,000 - $89,000",2,Yes,80,3,2,2,1,4,5,3,5,25
R_6yhtvMkCzEs2hro,50-59,"$70,000 - $89,000",3,No,1260,5,1,5,2,3,3,5,2,26
R_a9PYTdnGSHqt2yW,40-49,"$10,000 - $29,000",1,No,400,5,5,4,2,1,4,2,2,25
R_9vEcgQwjYzC3ACG,18-20,"$10,000 - $29,000",4 or more,No,1640,1,4,3,5,3,1,5,3,25
R_0GRv94E23h9aYTQ,30-39,"$110,000 or more",3,Yes,960,5,4,4,1,3,5,1,2,25
R_6W4MXQyNcBJKRtY,60 or older,"$50,000 - $69,000",4 or more,No,680,3,5,3,1,4,2,5,3,26
R_ey9SdnXiXarw6p0,50-59,"$10,000 - $29,000",4 or more,Yes,500,2,3,2,3,2,3,2,5,22
R_erMScuC08bAgbAi,60 or older,"$50,000 - $69,000",2,No,1260,2,4,5,2,1,5,2,1,22
R_6tEU7s1RoAoqFgy,60 or older,"$70,000 - $89,000",4 or more,No,1280,4,5,2,2,1,1,1,4,20
R_b8vAcrylShjtOuy,18-20,"$10,000 - $29,000",None,Yes,1460,3,2,3,1,3,5,5,4,26
R_2mdlOXhgkctEvUW,40-49,"$90,000 - $109,000",3,Yes,1480,1,2,5,1,5,5,4,5,28
R_85QuqXZKJlXSSIS,18-20,"$10,000 - $29,000",1,Yes,100,4,1,5,4,3,2,5,1,25
R_0Nfr0XJYwCQpDcq,60 or older,"$10,000 - $29,000",1,No,1300,4,2,3,2,2,5,2,5,25
R_6AkZoDhL3hRmv8G,21-29,"$30,000 - $49,000",1,No,180,1,3,2,4,5,4,1,3,23
R_bqqyvXtkCRrHWpE,17 or younger,"$110,000 or more",1,Yes,1600,3,2,4,4,2,5,2,5,27
R_0PWqGFcqsfbV6ho,60 or older,"$50,000 - $69,000",None,No,980,2,1,5,1,5,2,3,1,20
R_e2wvwIlLw8KUlTg,60 or older,"$30,000 - $49,000",None,Yes,1440,5,2,5,4,5,3,4,5,33
R_bvm1QwvazXEEZEi,50-59,"$0 - $9,999",2,No,1440,2,1,2,5,5,1,2,3,21
R_2smZsM9OGhLyrQi,60 or older,"$10,000 - $29,000",3,No,1760,2,2,1,1,4,3,1,1,15
R_2612VdojJQpBzh4,18-20,"$70,000 - $89,000",2,No,940,3,4,4,2,3,5,3,2,26
R_6G83rnvZIjECrae,40-49,"$70,000 - $89,000",4 or more,No,300,2,5,4,4,4,2,4,3,28
R_cwsQMklxD63ZHoi,40-49,"$30,000 - $49,000",3,No,1420,1,3,3,4,2,1,5,5,24
R_0OpOOzSB2V3TDXo,40-49,"$90,000 - $109,000",1,Yes,320,4,5,4,4,2,3,5,5,32
R_eEyaljAe4uV8CxM,60 or older,"$110,000 or more",None,Yes,1160,5,2,2,4,2,3,5,2,25
R_cRTXGzHOz52bmcK,50-59,"$10,000 - $29,000",2,No,1600,3,5,5,5,2,3,3,3,29
R_88Gwc2RDnYqLk4C,40-49,"$50,000 - $69,000",2,Yes,1340,3,5,4,1,2,1,4,3,23
R_5d7dCRPk9oPNMI6,30-39,"$110,000 or more",None,No,1020,1,1,2,4,1,1,5,5,20
R_9RjGIwWRvDFtOzc,30-39,"$50,000 - $69,000",2,No,1260,4,2,3,4,2,5,4,3,27
R_bDwsVcXr153eMrI,60 or older,"$110,000 or more",1,No,460,1,1,4,5,2,2,3,5,23
R_5pqBjvUDPvz8AyW,18-20,"$10,000 - $29,000",None,Yes,100,5,3,2,3,2,2,5,2,24
R_54ExBcTIsvTFgQS,50-59,"$10,000 - $29,000",2,No,100,3,2,4,5,5,1,2,4,26
R_a97SWQRsAVW3UgK,17 or younger,"$90,000 - $109,000",3,Yes,560,2,5,3,5,3,1,2,5,26
R_2312xPTBqDRraiW,40-49,"$30,000 - $49,000",2,No,1960,5,1,5,2,5,1,4,3,26
R_2rSSb9JQ9J5wrNs,17 or younger,"$0 - $9,999",4 or more,Yes,1760,4,3,4,3,1,3,4,1,23
R_eDP4UN7VH4aXDG6,30-39,"$50,000 - $69,000",None,No,1600,1,5,2,1,1,2,3,5,20
R_0cgqH5rx78KmBCu,21-29,"$50,000 - $69,000",1,Yes,1420,3,5,5,3,4,1,2,5,28
R_8uMMfwy3hRLM7no,50-59,"$90,000 - $109,000",4 or more,Yes,1300,2,5,3,1,2,4,3,5,25
R_6JP0bJlPZ7bQD7o,50-59,"$10,000 - $29,000",2,No,800,3,1,4,3,4,5,1,2,23
R_0qecLjte8qzI6Qm,17 or younger,"$10,000 - $29,000",None,No,1760,1,2,5,5,3,5,5,5,31
R_6s9vqnafo8Hr8EK,60 or older,"$10,000 - $29,000",4 or more,Yes,500,5,2,1,2,2,2,2,1,17
R_4ZcGq5qSzYRpSvQ,17 or younger,"$0 - $9,999",1,No,960,4,3,5,4,3,3,1,1,24
R_40cNRZZZS6IsboW,17 or younger,"$0 - $9,999",1,Yes,1960,3,2,2,2,1,3,3,3,19
R_dclWbCmSTIEnnca,30-39,"$110,000 or more",4 or more,No,1560,1,4,1,5,2,1,5,3,22
R_e4YsC4fqjrOj3Xo,60 or older,"$90,000 - $109,000",4 or more,No,1780,3,1,4,3,5,4,2,4,26
R_7a3LBmNiVnrluPs,50-59,"$70,000 - $89,000",4 or more,No,1220,1,4,4,3,4,3,4,2,25
R_6F4W8f9zSHaspU2,30-39,"$70,000 - $89,000",4 or more,No,600,5,5,5,3,2,5,5,5,35
R_3F8ODBNi7BdJbvw,17 or younger,"$110,000 or more",4 or more,No,0,4,1,2,2,2,1,2,4,18
R_0Ujmpnrp5AFxZj0,18-20,"$30,000 - $49,000",2,Yes,920,1,1,4,5,4,3,5,3,26
R_em3YPKQTgnP8Sc6,50-59,"$10,000 - $29,000",1,No,180,2,5,3,3,3,1,2,3,22
R_eg210NturrneKSG,60 or older,"$10,000 - $29,000",None,No,1660,5,4,5,4,2,2,1,1,24
R_bgwY27RsL9TKRsq,21-29,"$30,000 - $49,000",2,Yes,1580,4,2,3,2,4,1,1,1,18
R_cvTOIoqgy10pfPE,18-20,"$50,000 - $69,000",4 or more,No,500,3,4,4,1,4,3,5,4,28
R_51g78MtYpJAkLKS,60 or older,"$30,000 - $49,000",4 or more,No,1660,4,1,3,5,1,2,1,5,22
R_0SU0rcot0d7kDBk,21-29,"$0 - $9,999",2,No,1580,1,4,3,4,4,1,5,2,24
R_6r3CeDD5o1OGCeG,21-29,"$70,000 - $89,000",3,No,760,3,4,2,2,4,2,4,1,22
R_50wzCEk677mGcpE,18-20,"$70,000 - $89,000",2,No,1060,5,4,3,1,4,2,1,2,22
R_ba4tJt0b06yu4KO,18-20,"$0 - $9,999",4 or more,No,160,4,3,1,5,5,2,4,3,27
R_6kSvNzzfmeqy0aq,40-49,"$30,000 - $49,000",3,No,1800,1,5,3,1,1,2,3,5,21
R_bk1SxU230aRRcWO,30-39,"$90,000 - $109,000",3,Yes,580,3,1,5,3,1,2,3,1,19
R_6YijozS1ku88bxI,30-39,"$50,000 - $69,000",2,No,1780,5,5,2,3,5,2,5,2,29
R_bI3p5BwmNSxrPEy,30-39,"$110,000 or more",3,Yes,1500,5,5,5,1,4,3,3,1,27
R_5pCOgeHD3bBgr0W,60 or older,"$70,000 - $89,000",1,Yes,1400,5,2,5,2,1,4,4,5,28
R_diFMrDKATrKjvBY,30-39,"$50,000 - $69,000",3,No,940,5,2,1,1,2,1,1,1,14
R_cZQT7XsdY05KIWW,30-39,"$10,000 - $29,000",None,No,380,5,1,5,2,3,1,1,3,21
R_200aO6zb74Kiu3k,40-49,"$30,000 - $49,000",4 or more,No,1860,2,1,2,4,2,1,2,2,16
R_6A7ymjoYzojEwh8,50-59,"$10,000 - $29,000",2,No,700,2,3,1,4,5,5,1,1,22
R_cw1mXCdulFTBfE2,60 or older,"$50,000 - $69,000",3,No,1420,2,1,2,1,2,4,3,3,18
R_6tXnA1hmm1EDD4q,40-49,"$30,000 - $49,000",3,Yes,340,2,5,3,4,2,5,2,3,26
R_07gVpKbri9Gtgz4,30-39,"$70,000 - $89,000",2,Yes,1880,5,4,4,5,4,5,4,5,36
R_80TdR5SNojoRHb8,50-59,"$50,000 - $69,000",4 or more,No,220,1,5,1,4,2,1,2,4,20
R_0cfHRtu4QKDAlyS,21-29,"$50,000 - $69,000",4 or more,No,1640,4,3,3,5,4,3,4,3,29
R_7NBAUfiMcLujTRY,21-29,"$110,000 or more",3,No,1180,3,2,2,4,2,4,4,4,25
R_5BK3b5qynxhU9tY,50-59,"$50,000 - $69,000",2,No,560,2,3,5,3,3,5,1,3,25
R_8uZysl5YFAVo5nw,30-39,"$30,000 - $49,000",4 or more,No,660,1,5,3,2,1,5,5,5,27
R_7WB06s4tPzdr5yK,30-39,"$70,000 - $89,000",2,Yes,1200,1,4,1,5,3,1,2,1,18
R_cuyxgci7Zs83Qoe,50-59,"$10,000 - $29,000",1,Yes,420,5,3,5,2,2,4,4,5,30
R_0P7CdbpmdltIwAe,17 or younger,"$50,000 - $69,000",None,No,1680,1,3,1,1,3,2,4,2,17
R_1Nrgoy0dv9UDHCe,21-29,"$0 - $9,999",2,No,560,3,1,3,5,1,5,4,2,24
R_7TFWzUNgQaEVRoW,30-39,"$90,000 - $109,000",4 or more,No,220,1,5,2,4,5,3,5,4,29
R_d4FnBp1kmJXOUyW,21-29,"$0 - $9,999",2,Yes,680,3,1,2,5,1,3,1,2,18
R_5bcfxMDIZ0ntspg,50-59,"$30,000 - $49,000",4 or more,No,1400,4,5,4,2,3,2,1,1,22
R_6nUNu1d97Vfg96K,17 or younger,"$10,000 - $29,000",None,No,920,2,5,4,3,5,5,1,3,28
R_cVbq7ZIV4qPtMRU,30-39,"$70,000 - $89,000",1,No,1720,2,2,1,5,4,2,3,3,22
R_eUQ9GsFlhFTMqP4,21-29,"$30,000 - $49,000",3,Yes,1980,2,2,5,5,3,1,5,5,28
R_cw2PRYW13GlxPOC,21-29,"$90,000 - $109,000",3,Yes,60,2,5,5,2,3,4,3,2,26
R_267bL5htgCv8iaO,30-39,"$0 - $9,999",2,Yes,1920,2,1,3,3,1,2,3,4,19
R_8eIWPtDNZWK5L9Q,18-20,"$0 - $9,999",1,Yes,200,1,5,5,3,1,4,3,1,23
R_0Um2hO3bjtynngi,17 or younger,"$90,000 - $109,000",4 or more,Yes,0,2,4,4,4,1,3,2,2,22
R_3qubBmIBGUgvS62,30-39,"$50,000 - $69,000",None,No,1480,5,3,3,5,5,5,3,2,31
R_0CaX5HdzDaWS4hU,50-59,"$30,000 - $49,000",3,Yes,580,5,2,4,1,5,5,5,2,29
R_9FTQvooUUtF0VTM,21-29,"$50,000 - $69,000",4 or more,No,1480,1,4,3,3,5,3,4,2,25
R_5suURY0OfXoPITc,17 or younger,"$110,000 or more",1,No,1500,5,3,3,4,3,5,3,4,30
R_dmMOtylJqMWDfYG,18-20,"$0 - $9,999",1,No,1340,1,2,2,2,2,3,2,3,17
R_5A3zIgFXJFBkhfw,21-29,"$90,000 - $109,000",3,No,420,5,5,5,5,2,1,1,1,25
R_56nA3kAeybZWAUm,60 or older,"$90,000 - $109,000",4 or more,Yes,80,5,3,1,4,3,1,2,3,22
R_byMTFjBKmeC4Zi6,17 or younger,"$90,000 - $109,000",1,Yes,240,3,3,4,4,2,1,2,3,22
R_0AGKcBSm5HzdFkO,50-59,"$110,000 or more",3,No,1620,3,1,5,1,4,5,1,5,25
R_8kw8zhWy4Q6L2Zw,60 or older,"$90,000 - $109,000",3,No,980,5,1,1,1,3,4,4,3,22
R_1GklglDOtCTG3I2,17 or younger,"$90,000 - $109,000",4 or more,No,640,1,3,3,1,1,4,4,5,22
R_5ovD9cWNYdUmGgu,50-59,"$0 - $9,999",None,No,1540,1,1,1,3,2,4,4,5,21
R_2525DB1NBpaiBxk,50-59,"$70,000 - $89,000",1,No,920,1,5,3,5,1,5,4,5,29
R_3RjTq3hCfKKsaOi,30-39,"$50,000 - $69,000",4 or more,Yes,20,1,3,1,5,5,2,3,4,24
R_862qWaETyCuN4I6,17 or younger,"$0 - $9,999",2,Yes,220,4,5,1,1,4,5,1,1,22
R_cOqQcuH6eXHMG9M,60 or older,"$10,000 - $29,000",3,Yes,1880,1,3,5,3,4,1,1,2,20
R_7TBiLAo4bLIarUa,17 or younger,"$10,000 - $29,000",3,Yes,1940,3,1,4,2,1,2,1,3,17
R_blrIu5S6K7S5tBk,40-49,"$30,000 - $49,000",1,Yes,1120,2,3,5,3,1,2,1,1,18
R_07BVac39zYnfPIG,21-29,"$30,000 - $49,000",1,No,1820,3,3,4,3,2,4,2,4,25
R_6xnVwhcchPfjmjI,18-20,"$110,000 or more",3,Yes,980,4,5,3,2,1,3,2,1,21
R_9YptuqX1uJV7BVY,60 or older,"$0 - $9,999",3,No,1560,2,5,4,2,5,5,5,5,33
R_6leiBgBUQA2a9N4,17 or younger,"$30,000 - $49,000",4 or more,No,900,2,4,2,3,5,3,4,4,27
R_3g7kd8Ruyh4FBPg,17 or younger,"$50,000 - $69,000",None,Yes,1140,4,2,5,2,4,2,3,3,25
R_0k1vQhiMW4cfxLE,17 or younger,"$90,000 - $109,000",1,No,1660,4,4,1,1,2,4,4,2,22
R_5nWTiLCLL40L24e,40-49,"$30,000 - $49,000",1,No,820,1,4,2,3,2,1,1,1,15
R_2fyQIHLk9aLkjIi,18-20,"$30,000 - $49,000",2,No,340,4,3,3,2,4,1,1,3,21
R_0qrMFwhWqnRX2pE,60 or older,"$110,000 or more",1,Yes,1580,2,4,2,4,3,2,2,5,24
R_3eD1iSMpx7oKVDg,40-49,"$110,000 or more",2,No,300,2,5,2,1,2,1,5,3,21
R_9T728EWmjHR0AgS,30-39,"$0 - $9,999",3,Yes,1020,3,2,5,5,1,1,5,4,26
R_6gu3mocDeYqoAPc,60 or older,"$30,000 - $49,000",2,Yes,1040,3,4,3,3,5,2,2,4,26
R_6sO8KvvLdpRSc3I,30-39,"$90,000 - $109,000",None,Yes,1800,1,1,2,1,5,5,5,5,25
R_bjxkTg8zypOQk2G,30-39,"$50,000 - $69,000",None,No,1680,2,2,4,4,1,4,2,3,22
R_eRk3pQbeD2wm1Ho,50-59,"$50,000 - $69,000",2,No,400,4,4,4,4,2,5,1,3,27
R_8vrhyrr0vMJoEke,50-59,"$70,000 - $89,000",4 or more,Yes,1720,4,4,5,1,5,4,1,2,26
R_5hdxhZOAm5SnimO,30-39,"$50,000 - $69,000",2,No,1520,4,1,2,2,4,1,4,3,21
R_6sxKWvcZ0JXJJLo,40-49,"$10,000 - $29,000",None,Yes,240,5,5,4,1,3,4,2,4,28
R_7WDJQhS1Um43gWy,17 or younger,"$0 - $9,999",3,Yes,620,3,4,1,5,3,1,5,1,23
R_00X6xeGrQSDW1VA,50-59,"$0 - $9,999",1,Yes,1380,2,2,5,4,1,1,3,3,21
R_2bMyRm5mm4fvVae,30-39,"$0 - $9,999",None,No,1680,5,2,2,1,4,1,1,5,21
R_0UvbWi0L736cFAq,18-20,"$110,000 or more",4 or more,No,2000,1,1,5,1,3,2,1,3,17
R_5Ayus7YSEQWz4y2,30-39,"$70,000 - $89,000",1,No,340,2,3,3,3,5,1,5,5,27
R_3yFO1LdwouiLPYq,50-59,"$30,000 - $49,000",3,Yes,1000,1,5,5,3,5,1,2,2,24
R_bQHLY90wjkU1Kke,40-49,"$30,000 - $49,000",2,No,560,2,3,4,3,2,1,2,2,19
R_3NJvf0ewWDc4QlM,30-39,"$30,000 - $49,000",1,No,1520,5,3,3,3,3,5,2,1,25
R_b8Af38E9zP7Z0c6,21-29,"$70,000 - $89,000",1,Yes,960,3,1,5,5,1,3,4,1,23
R_8CDz030PcsPqkDQ,18-20,"$70,000 - $89,000",4 or more,Yes,620,2,1,5,3,3,5,1,3,23
R_d76InpSlLzVfLf0,21-29,"$50,000 - $69,000",4 or more,No,480,4,3,4,4,1,2,3,3,24
R_25ZS3cYaHa447j0,17 or younger,"$70,000 - $89,000",1,Yes,620,1,5,5,1,3,1,3,3,22
R_etSVBDIiC0u9wYS,17 or younger,"$30,000 - $49,000",1,No,100,4,5,1,1,4,4,3,4,26
R_4PeTzDbDCO6lVsO,17 or younger,"$90,000 - $109,000",3,No,1740,2,5,4,4,4,1,3,5,28
R_79XsRhwBHR8gXAi,30-39,"$50,000 - $69,000",3,No,1920,1,4,3,1,3,4,4,5,25
R_0NYTMPWEZFqrUmW,50-59,"$0 - $9,999",4 or more,No,240,4,4,3,3,4,3,5,2,28
R_8v2MPCJT6R9GDtk,50-59,"$10,000 - $29,000",3,No,1540,5,4,1,4,4,1,3,4,26
R_8IGYm6KGRxoYXI2,21-29,"$10,000 - $29,000",4 or more,No,1820,1,1,2,4,1,3,3,5,20
R_784Quv6YT53cX66,30-39,"$30,000 - $49,000",3,No,1580,4,3,2,1,4,3,2,1,20
R_3XlgfInD9wotG9E,21-29,"$0 - $9,999",2,No,1040,3,3,4,1,4,2,3,2,22
R_eJnb3mCmxex8qQ6,50-59,"$50,000 - $69,000",None,No,1860,5,2,2,2,1,4,5,2,23
R_efE3lM1geIPAHvo,17 or younger,"$0 - $9,999",3,Yes,500,1,2,5,3,5,4,3,5,28
R_eX2huzNvNJsCR7w,18-20,"$10,000 - $29,000",3,Yes,1840,3,5,1,3,1,3,5,2,23
R_3eMYRqxdOavcXl4,21-29,"$30,000 - $49,000",1,No,620,4,3,5,5,5,4,5,5,36
R_bgbk1EhnWFDKIw6,50-59,"$90,000 - $109,000",None,Yes,660,1,1,5,5,3,2,4,4,25
R_cNiz2npOlIKGxmK,40-49,"$50,000 - $69,000",None,Yes,1440,1,4,2,3,3,3,1,2,19
R_dhXAIa8dnFarNf8,60 or older,"$50,000 - $69,000",3,Yes,1600,4,5,3,1,1,4,4,2,24
R_6xx8AYjkLDXluoC,50-59,"$90,000 - $109,000",2,No,1060,4,1,4,1,3,3,1,4,21
R_2idFmTptw7HKOjk,21-29,"$90,000 - $109,000",1,No,1340,1,4,3,2,5,1,2,3,21
R_bao9ckI0oBZfbuK,18-20,"$110,000 or more",3,No,1800,1,2,2,4,3,1,5,3,21
R_4NkV7HCiWrv088S,50-59,"$70,000 - $89,000",None,Yes,1140,1,4,4,3,1,1,5,2,21
R_3UZkXqI4agOUZqS,60 or older,"$50,000 - $69,000",3,No,520,2,1,5,3,1,1,3,1,17
R_4HCcGXN6zTYbNhI,17 or younger,"$90,000 - $109,000",3,Yes,960,2,5,4,5,5,3,2,3,29
R_d509zQ51vBoo9Zc,40-49,"$70,000 - $89,000",4 or more,Yes,220,5,2,1,5,5,1,4,2,25
R_bjc7YH5A064nSIe,17 or younger,"$30,000 - $49,000",3,Yes,400,2,1,4,2,2,5,4,2,22
R_87jhNa8W3XXqs2G,18-20,"$70,000 - $89,000",1,Yes,860,5,2,4,5,4,4,2,4,30
R_0HwqHskymyqaNsW,18-20,"$30,000 - $49,000",2,No,820,5,3,5,5,4,1,5,5,33
R_bvytyNM8ok2kl8i,60 or older,"$0 - $9,999",3,No,1880,2,5,1,1,1,2,1,5,18
R_5bFPELMpJMQyvEW,30-39,"$0 - $9,999",1,Yes,100,1,4,2,1,3,1,2,2,16
R_dgykdvDelahbZrw,18-20,"$0 - $9,999",1,No,700,2,5,2,5,1,4,4,4,27
R_2n87gcGqdIyK6s6,30-39,"$50,000 - $69,000",3,Yes,400,5,4,1,4,1,1,4,2,22
R_aeZNVzUQtuzYE7Q,50-59,"$30,000 - $49,000",4 or more,No,740,2,1,5,3,1,1,2,1,16
R_3qjzlvduMMECw2a,18-20,"$90,000 - $109,000",2,No,620,3,3,2,5,3,4,5,3,28
R_4VqXLhe9jquUp7w,40-49,"$50,000 - $69,000",None,No,1520,1,3,4,5,3,5,1,5,27
R_9GiJnF3uXEEjiTk,40-49,"$90,000 - $109,000",3,Yes,1500,5,1,5,4,4,5,4,1,29
R_enB32NmMGnprHue,60 or older,"$30,000 - $49,000",4 or more,Yes,800,1,1,5,3,4,2,2,1,19
R_cAC4Q58EpVyjA8K,30-39,"$10,000 - $29,000",1,Yes,1060,2,3,2,4,5,3,2,2,23
R_ekvz99ebly9fJ8q,40-49,"$90,000 - $109,000",1,No,1620,4,2,1,4,5,1,5,1,23
R_cTHuiQ8y54hfsiO,50-59,"$70,000 - $89,000",3,No,180,4,4,3,1,3,3,2,5,25
R_cAAVbxHzeJqcwdg,40-49,"$0 - $9,999",1,No,1580,1,5,3,2,2,3,2,2,20
R_d0TWomm2C3RebWu,40-49,"$70,000 - $89,000",2,Yes,140,5,5,3,2,5,1,4,1,26
R_5nJkrX8DFVwXXUi,17 or younger,"$50,000 - $69,000",None,No,1400,1,4,4,4,4,3,2,2,24
R_37Ya9lKMwXQ6c1U,40-49,"$30,000 - $49,000",4 or more,Yes,1960,2,5,5,1,3,4,1,1,22
R_6lHdaP7oCROP13M,18-20,"$50,000 - $69,000",4 or more,No,1280,1,2,4,3,1,2,3,2,18
R_1Brg7K233UBRNjg,17 or younger,"$0 - $9,999",4 or more,No,740,1,2,3,2,1,5,2,2,18
R_erNY0XPBJKaqLZ4,30-39,"$30,000 - $49,000",1,Yes,1940,4,4,1,4,3,4,4,2,26
R_ePbiZlaZtm88zY2,17 or younger,"$90,000 - $109,000",None,Yes,1160,3,3,5,1,3,1,4,3,23
R_5sRAZWuKXdQbJrg,50-59,"$90,000 - $109,000",None,Yes,1560,3,1,1,3,5,1,3,2,19
R_es4kW7oXMQv8o9o,30-39,"$110,000 or more",None,Yes,1180,4,2,5,4,1,5,3,4,28
R_bPJJYXNJWrjiK5E,18-20,"$90,000 - $109,000",4 or more,No,1560,2,2,4,4,2,4,2,4,24
R_88nBekQ54hAmgpo,50-59,"$50,000 - $69,000",2,No,800,4,5,2,5,5,2,5,1,29
R_9WYhEVYaaz8HO18,40-49,"$110,000 or more",3,No,1020,4,1,3,2,3,3,3,1,20
R_bwmawBZqxHgXzfw,17 or younger,"$70,000 - $89,000",1,No,1080,2,2,5,3,2,4,4,4,26
R_2s4pRZpLkPhwfZA,18-20,"$30,000 - $49,000",4 or more,Yes,760,3,3,2,3,3,5,1,3,23
R_56V5OK10Sc2E0XI,40-49,"$110,000 or more",4 or more,Yes,960,3,1,1,2,2,4,3,5,21
R_6rIyMesPFkjTyS2,21-29,"$30,000 - $49,000",1,Yes,1660,5,3,5,3,4,1,3,4,28
R_dmPgu4bKJKN3Ey2,60 or older,"$110,000 or more",2,No,720,1,4,4,3,1,4,3,4,24
R_9SIq85LufVrTM8e,60 or older,"$90,000 - $109,000",2,No,540,1,5,2,4,4,2,1,5,24
R_cBa1bphJgXA0uPA,40-49,"$70,000 - $89,000",3,No,1600,3,2,3,4,4,2,3,4,25
R_aaOKqHwsiLCZ298,50-59,"$110,000 or more",2,No,900,3,2,5,2,3,4,3,1,23
R_7ZI2zf0BuEgbyxE,17 or younger,"$110,000 or more",1,Yes,960,1,5,5,5,1,5,5,4,31
R_6rQ1KZ3nLn17DTM,50-59,"$70,000 - $89,000",1,Yes,1940,1,3,4,2,5,4,1,3,23
R_benUjNyFaA1hix8,30-39,"$90,000 - $109,000",4 or more,No,1140,2,3,3,5,1,1,5,5,25
R_6Jpp5NaAx5Gw8ZM,60 or older,"$30,000 - $49,000",4 or more,No,940,2,4,3,1,2,5,5,3,25
R_d6loUFNldHLxgIC,17 or younger,"$30,000 - $49,000",4 or more,No,1960,3,2,5,2,5,2,5,3,27
R_cMC85627y3sBvHU,50-59,"$50,000 - $69,000",4 or more,No,900,3,2,5,5,2,4,2,2,25
R_dj7RGppI9WzzPa6,30-39,"$50,000 - $69,000",4 or more,Yes,1480,3,1,4,3,1,4,5,2,23
R_4MUmfecq4VPJ1DU,17 or younger,"$0 - $9,999",3,Yes,1320,1,1,5,5,3,4,1,5,25
R_3UvFkbPdPOjcgOG,17 or younger,"$0 - $9,999",4 or more,Yes,640,4,3,1,5,1,2,2,4,22
R_0lDk5EVLIcLczKm,17 or younger,"$70,000 - $89,000",1,No,500,2,3,3,2,3,5,3,4,25
R_0koVRN90B8huo2q,21-29,"$0 - $9,999",4 or more,Yes,480,2,2,2,1,3,3,4,5,22
R_3y2k50BJ0ri6xAa,21-29,"$90,000 - $109,000",None,No,820,5,3,1,1,3,4,5,1,23
R_1HUjFyGjj9xfvWm,60 or older,"$70,000 - $89,000",4 or more,Yes,620,4,2,3,3,1,5,2,4,24
R_0vWqU4U8ptj7t9s,40-49,"$50,000 - $69,000",2,No,280,5,3,5,5,3,2,5,3,31
R_9NPDuqkfp096UhU,30-39,"$0 - $9,999",None,Yes,1120,2,4,4,4,4,3,5,1,27
R_2973FlGaNq2ifv8,60 or older,"$90,000 - $109,000",2,No,660,5,4,1,1,1,5,3,5,25
R_3OsNienuPT2pgVg,60 or older,"$10,000 - $29,000",2,No,1680,4,3,3,2,3,5,3,5,28
R_0Iq6NQ4qHAwiTMG,17 or younger,"$10,000 - $29,000",3,Yes,2000,1,5,4,4,3,4,4,5,30
R_86oIm2U8elMN8R8,18-20,"$10,000 - $29,000",4 or more,Yes,1000,3,4,4,1,3,3,5,2,25
R_aaDAfq5I2b4V3Uy,30-39,"$50,000 - $69,000",None,No,120,4,4,2,2,2,2,4,2,22
R_b1NGWYLmMOsa2to,60 or older,"$50,000 - $69,000",1,No,980,2,1,1,5,5,2,2,3,21
R_8dYc6dmNk70307s,17 or younger,"$90,000 - $109,000",4 or more,No,840,5,2,5,2,4,2,2,1,23
R_cYAv4kpkgNMybyu,21-29,"$90,000 - $109,000",1,Yes,100,5,4,2,4,2,2,5,5,29
R_1NsQep2FNVUHMnY,60 or older,"$10,000 - $29,000",None,Yes,580,3,5,1,5,3,3,5,1,26
R_e3dYp4Z78nU5bWC,17 or younger,"$70,000 - $89,000",1,Yes,420,2,4,4,2,1,2,1,5,21
R_42Cc7GQURdoQhLM,17 or younger,"$90,000 - $109,000",None,No,1740,2,2,5,2,5,1,2,3,22
R_6lJ19IDMRi26VqS,18-20,"$30,000 - $49,000",2,Yes,820,3,2,3,5,1,5,4,4,27
R_3eedpDGtiynP8LY,17 or younger,"$30,000 - $49,000",None,Yes,940,5,2,5,5,1,3,4,1,26
R_dd0x6WfOyj7ATkO,40-49,"$0 - $9,999",None,No,1800,1,5,1,2,2,5,4,4,24
R_1Boj1IYOotmaGdo,17 or younger,"$30,000 - $49,000",None,Yes,820,5,3,1,5,5,4,5,4,32
R_39iFOQxtcTduDxY,18-20,"$30,000 - $49,000",None,No,740,5,5,5,1,4,1,2,4,27
R_1TeT1Dn08lGBbym,50-59,"$30,000 - $49,000",1,No,880,4,4,4,3,5,2,4,4,30
R_4HOo7PgNtABmqgK,18-20,"$90,000 - $109,000",2,Yes,1280,3,4,5,4,2,1,3,4,26
R_6DR98GOTXibihF4,17 or younger,"$30,000 - $49,000",1,No,320,1,3,1,4,1,3,3,1,17
R_a5ks1GppG2vNsvY,60 or older,"$110,000 or more",1,Yes,1760,1,5,1,2,5,3,5,2,24
R_0CktXXFYFqGklkG,21-29,"$90,000 - $109,000",4 or more,No,1780,2,5,5,1,1,2,1,5,22
R_9ohBSiPAAcBEeY6,30-39,"$0 - $9,999",None,Yes,1880,2,4,3,3,1,1,1,1,16
R_eflpXe6EzXBTdWu,50-59,"$70,000 - $89,000",4 or more,No,220,4,3,5,3,2,1,1,4,23
R_9MHlT6TRgUwVIkm,60 or older,"$30,000 - $49,000",1,No,300,1,4,1,4,3,5,3,4,25
R_8deDnQiMFERdZlA,50-59,"$90,000 - $109,000",1,Yes,1040,1,2,2,5,4,4,5,3,26
R_aXVt0aBQCVmrUr4,40-49,"$90,000 - $109,000",3,No,640,4,5,2,1,4,3,2,3,24
R_0VvMievUY96aOzA,40-49,"$0 - $9,999",None,Yes,1760,5,4,4,1,3,1,5,1,24
R_a5BHp8xevS3EXae,50-59,"$110,000 or more",2,Yes,1180,4,3,1,4,4,2,2,3,23
R_39n6dDko1v8REDc,30-39,"$30,000 - $49,000",None,Yes,40,5,2,1,1,1,5,1,3,19
R_8B9NHy4I8cjxm9E,18-20,"$0 - $9,999",2,Yes,1860,5,4,2,2,5,5,2,3,28
R_86uFOjifY4fG7j0,40-49,"$110,000 or more",None,No,700,3,5,3,3,5,3,1,4,27
R_7Uk8KpCioyXfTv0,17 or younger,"$110,000 or more",None,Yes,760,2,3,4,4,3,1,1,5,23
R_9HwYs6Q4gNUpUwu,40-49,"$90,000 - $109,000",3,Yes,1220,4,2,2,5,4,2,3,4,26
R_cu1IKZxN9Xld3NA,60 or older,"$70,000 - $89,000",4 or more,No,680,3,1,3,5,2,5,5,3,27
R_eLDwaMBLuyovseW,50-59,"$70,000 - $89,000",3,Yes,0,1,1,2,3,2,3,4,5,21
R_6WOnnI6Wv34UBN4,50-59,"$0 - $9,999",3,No,40,3,3,3,5,1,1,5,3,24
R_d7ikND4mvX6Xm4u,17 or younger,"$10,000 - $29,000",2,No,2000,3,1,3,1,4,5,5,4,26
R_1TSSXP1PYUaqBuK,40-49,"$90,000 - $109,000",4 or more,No,780,1,4,3,2,5,3,4,4,26
R_b3LdzPxvq3j4vWu,17 or younger,"$110,000 or more",3,Yes,1420,3,1,5,5,2,1,1,4,22
R_73t2kqtERUC0ZjE,17 or younger,"$0 - $9,999",3,Yes,20,3,3,5,3,1,2,5,3,25
R_4OTwbhxpHXTBKPs,40-49,"$110,000 or more",None,Yes,1420,4,5,4,5,5,1,2,1,27
R_8DkHYS1TCwXejQO,21-29,"$0 - $9,999",4 or more,Yes,1300,2,3,4,4,1,4,4,2,24
R_6GAH1ls5bsPqyjk,21-29,"$90,000 - $109,000",3,No,2000,1,2,4,2,1,1,3,5,19
R_a4Yv3oVwvOZ7Sia,21-29,"$70,000 - $89,000",None,No,1460,3,1,1,3,5,4,4,5,26
R_9T4Grmr2diLrfsW,30-39,"$50,000 - $69,000",1,Yes,1740,1,4,5,1,5,2,2,5,25
R_b1tp9l3lOxuBToi,18-20,"$30,000 - $49,000",1,Yes,1200,5,4,1,2,3,2,3,3,23
R_082rb654o5J0oZ0,60 or older,"$70,000 - $89,000",4 or more,Yes,1600,1,2,3,4,3,3,4,2,22
R_4T9GOZXNlHj1JFI,50-59,"$50,000 - $69,000",2,Yes,1400,2,5,1,3,2,3,3,2,21
R_87A7712kFP1972m,18-20,"$0 - $9,999",None,No,1900,3,5,4,2,1,4,4,4,27
R_6h7QgNzqLbMDxno,40-49,"$30,000 - $49,000",1,Yes,1240,4,1,4,3,4,1,1,5,23
R_eCLl9clzW9JyA4K,21-29,"$30,000 - $49,000",3,No,280,5,4,1,1,1,5,5,1,23
R_bIqUKEzbQ8F3rNk,40-49,"$0 - $9,999",None,No,1960,5,4,1,2,1,2,2,3,20
R_6eSHP4LgSeEF9Ou,18-20,"$30,000 - $49,000",1,Yes,140,1,2,3,2,5,3,5,3,24
R_396kzPipjg6p8ma,21-29,"$50,000 - $69,000",3,Yes,1720,1,5,2,4,2,2,1,3,20
R_5cm6s512ABMpzSu,40-49,"$30,000 - $49,000",2,No,460,3,5,5,5,3,1,3,2,27
R_efUp8pmBAOyJbls,60 or older,"$0 - $9,999",4 or more,No,980,1,5,4,3,4,2,5,1,25
R_6ujDzpPy7o7k4fk,60 or older,"$30,000 - $49,000",4 or more,Yes,1960,3,1,3,4,2,1,2,3,19
R_8j4nG8V8kA6LNlk,40-49,"$0 - $9,999",1,Yes,320,4,1,1,2,4,1,4,3,20
R_9TQkRhI1sa9BlCC,50-59,"$110,000 or more",None,Yes,1480,5,5,2,4,3,4,3,3,29
R_enhem4X7QjOARXo,60 or older,"$70,000 - $89,000",None,Yes,920,4,4,1,4,2,4,4,3,26
R_0GIE3TT9ur0h1hs,21-29,"$10,000 - $29,000",4 or more,No,240,3,2,4,5,4,4,4,3,29
R_6gwYVT19O36nPCe,18-20,"$90,000 - $109,000",2,No,1120,2,3,3,3,1,2,2,5,21
R_8BNiRMxu6chJkma,30-39,"$110,000 or more",1,Yes,160,3,4,4,2,5,2,4,4,28
R_9XdWEQ4LDsFKAN8,30-39,"$30,000 - $49,000",4 or more,No,1420,5,3,3,1,2,3,5,3,25
R_e5I6uaYexiOCIrI,30-39,"$30,000 - $49,000",2,No,820,5,5,3,5,5,5,5,5,38
R_a4z2R6558wzvnWS,60 or older,"$110,000 or more",1,No,1300,1,4,2,5,3,4,5,1,25
R_6PzaJMzx9TH4haS,50-59,"$50,000 - $69,000",1,No,440,5,4,4,2,1,5,1,1,23
R_40YRoxSUjY42M8S,30-39,"$0 - $9,999",1,No,680,5,5,3,5,5,4,5,4,36
R_1NPXkbAfkMx9vaC,17 or younger,"$30,000 - $49,000",2,No,1680,1,4,1,2,2,3,1,1,15
R_0ikw0IBBXLQDEua,50-59,"$90,000 - $109,000",2,Yes,360,5,3,1,1,5,5,2,5,27
R_6fBTCztMaE4MS10,17 or younger,"$10,000 - $29,000",1,Yes,1180,5,2,5,3,4,5,4,3,31
R_bEhep2H4KbEYu0u,17 or younger,"$90,000 - $109,000",2,No,560,3,2,1,1,2,5,2,3,19
R_ahL6CnDuB4oc5L0,17 or younger,"$110,000 or more",4 or more,No,1320,5,3,1,4,4,4,4,2,27
R_1N9pSIDzRXlgax0,17 or younger,"$0 - $9,999",3,Yes,960,2,2,1,3,5,1,4,4,22
R_6MeIy7rTm8igthA,60 or older,"$90,000 - $109,000",None,No,1660,3,4,5,3,3,1,2,1,22
R_cAxLer3wKho2QvQ,30-39,"$30,000 - $49,000",1,No,1520,5,1,1,1,3,5,1,5,22
R_8qseB6gDrIUAFHE,50-59,"$50,000 - $69,000",1,Yes,20,2,5,1,2,1,4,3,3,21
R_9HsIM2IOjP9lc7I,21-29,"$10,000 - $29,000",None,No,1620,3,2,3,3,1,3,2,4,21
R_0wSmXWrEU4sYdbo,60 or older,"$10,000 - $29,000",2,Yes,1500,2,3,3,4,2,4,4,3,25
R_dbUQuzstcilALxI,50-59,"$50,000 - $69,000",3,No,1000,3,1,1,2,5,1,4,1,18
R_0GGrS5XrzFGsER0,21-29,"$90,000 - $109,000",2,No,200,1,1,4,4,5,4,5,4,28
R_0r0yoIZamwT3eWW,21-29,"$0 - $9,999",2,Yes,1980,2,1,3,3,2,2,2,5,20
R_9moIie8hELCBMEe,50-59,"$0 - $9,999",1,Yes,660,3,2,4,4,5,5,5,5,33
R_cOszkeEJPL9CtBI,18-20,"$70,000 - $89,000",2,Yes,1900,2,2,1,4,1,4,5,2,21
R_cu15BJnHsoy1GcK,30-39,"$10,000 - $29,000",1,Yes,360,4,2,4,5,5,5,4,3,32
R_eVs9v3qCqIRDkkm,17 or younger,"$110,000 or more",4 or more,No,1900,2,2,5,2,1,2,3,2,19
R_bdYUQg1UhaHVf4W,18-20,"$30,000 - $49,000",2,Yes,1300,1,2,4,3,4,4,2,4,24
R_3IPvIwWeD4n2M86,30-39,"$50,000 - $69,000",2,Yes,380,3,2,3,2,4,2,1,5,22
R_00wTgsZrbR1vYUu,50-59,"$70,000 - $89,000",4 or more,Yes,1620,2,4,4,5,1,3,4,4,27
R_8CDH3PAcQjen0Y6,21-29,"$30,000 - $49,000",2,Yes,180,4,3,5,3,5,3,2,4,29
R_esVdGwgmBanh7OS,21-29,"$30,000 - $49,000",4 or more,No,1080,3,5,5,4,5,3,1,1,27
R_7VgK2oZ3xnwlYOi,21-29,"$30,000 - $49,000",1,No,980,5,3,4,2,1,1,2,2,20
R_8xgxIzBxe8HC4nQ,50-59,"$90,000 - $109,000",2,No,740,4,3,3,5,5,1,5,4,30
R_eeNo5fggWmde7BA,40-49,"$50,000 - $69,000",None,No,300,5,5,3,5,2,3,5,4,32
R_8AgkVOYb5aZwojc,18-20,"$30,000 - $49,000",None,No,1240,2,3,1,5,3,2,3,5,24
R_eWG84oA6Le0kvqK,18-20,"$0 - $9,999",4 or more,No,460,5,4,5,5,4,4,1,2,30
R_9mJrh2bvXTR4KkS,30-39,"$70,000 - $89,000",2,No,760,5,1,3,3,1,3,5,5,26
R_6fXAeShaaBCFmoS,21-29,"$10,000 - $29,000",4 or more,No,1080,4,2,4,2,5,3,2,2,24
R_aeIO1vpZ41MWlqC,18-20,"$30,000 - $49,000",None,Yes,1580,2,3,5,3,4,1,4,2,24
R_2nKR3XUZZMxpFDU,17 or younger,"$110,000 or more",None,No,860,5,2,1,5,5,4,2,4,28
R_ahMNZaQe6GUJZ0a,18-20,"$50,000 - $69,000",None,Yes,740,2,3,3,4,2,5,3,1,23
R_5asCitRKxEGtfSe,17 or younger,"$10,000 - $29,000",4 or more,Yes,1480,2,5,2,4,1,5,5,3,27
R_9LEU9GwrjA11XaS,40-49,"$50,000 - $69,000",4 or more,Yes,1880,2,4,5,4,2,1,4,1,23
R_cYlRiuk6oWDp8V0,60 or older,"$50,000 - $69,000",None,Yes,1100,2,2,2,3,3,2,4,4,22
R_2t3sPSXJL83QfdA,17 or younger,"$30,000 - $49,000",3,No,800,4,4,5,1,2,3,4,1,24
R_8G6P3D8gPBMMJZY,50-59,"$30,000 - $49,000",2,No,1640,5,3,2,1,3,1,3,3,21
R_eFoYfRUHQFXvCf4,17 or younger,"$0 - $9,999",1,Yes,600,5,2,5,2,1,1,5,5,26
R_aWvRRjveOJO0610,60 or older,"$10,000 - $29,000",4 or more,Yes,1360,3,3,1,5,2,5,1,5,25
R_eRNRDKuk2NlynhY,21-29,"$70,000 - $89,000",3,Yes,120,1,2,1,1,5,3,5,4,22
R_1SxaQrB0zqd768S,30-39,"$90,000 - $109,000",1,Yes,800,5,1,4,3,3,3,1,2,22
R_6sP7nXgQ3qcPTIG,17 or younger,"$70,000 - $89,000",None,No,520,4,1,2,3,4,1,1,3,19
R_7QcxEm2DBopAIPs,18-20,"$90,000 - $109,000",None,Yes,580,4,3,2,3,4,5,2,1,24
R_brxbAkv1nh76gnA,60 or older,"$0 - $9,999",2,Yes,1580,1,5,1,3,4,1,2,3,20
R_2hnbuXszoUWRL0y,40-49,"$50,000 - $69,000",2,Yes,640,2,4,1,3,3,2,4,3,22
R_798NmoOaHlna1tc,21-29,"$110,000 or more",4 or more,Yes,1220,5,4,4,5,5,5,3,3,34
R_diDVCbnT887CI7Q,18-20,"$30,000 - $49,000",4 or more,Yes,600,1,3,4,5,1,2,3,2,21
R_89dQYaOh65oHC0S,21-29,"$50,000 - $69,000",1,No,2000,5,3,5,5,3,2,2,5,30
R_7PUtQkW7fQMnMHA,18-20,"$90,000 - $109,000",4 or more,Yes,200,4,2,1,5,5,1,2,2,22
R_4HhNIUDAvjhgQaG,18-20,"$30,000 - $49,000",1,Yes,1200,4,3,4,1,3,1,5,4,25
R_cIy0zxTah9vd1f8,40-49,"$90,000 - $109,000",2,Yes,1080,1,5,4,2,4,3,4,4,27
R_3n6qa8LcoQCHWRg,60 or older,"$110,000 or more",None,Yes,1800,1,5,3,4,2,4,5,2,26
R_dgnAtd61P2zvcwK,18-20,"$0 - $9,999",1,Yes,400,2,2,5,4,3,4,2,1,23
R_dlZWB94YncG5iGG,21-29,"$110,000 or more",2,No,260,4,2,4,3,1,1,4,4,23
R_0SXJGgtlNm6SQjY,40-49,"$0 - $9,999",1,No,540,2,3,2,4,1,4,5,1,22
R_50dspA8AkYsnFBQ,40-49,"$30,000 - $49,000",2,Yes,200,5,1,1,5,3,2,4,3,24
R_6yBKp4i6VuFRDue,60 or older,"$10,000 - $29,000",None,Yes,120,4,1,5,4,1,3,4,3,25
R_9Ns6IvQtUj9HLSK,17 or younger,"$30,000 - $49,000",3,No,1180,1,5,5,3,2,4,2,2,24
R_4Z4sMY5bXBhGtv0,50-59,"$90,000 - $109,000",None,No,180,3,5,3,4,2,4,3,4,28
R_cASFd14xxU01Nk2,50-59,"$30,000 - $49,000",4 or more,No,1200,5,4,3,1,3,1,3,4,24
R_cZshpM6xYE778mG,40-49,"$70,000 - $89,000",4 or more,Yes,1260,1,1,5,3,2,4,5,5,26
R_2tT1P5J2AAHP1Ii,40-49,"$50,000 - $69,000",1,No,1700,5,3,1,5,5,1,4,2,26
R_eXMjR37GbDZ9FpY,21-29,"$30,000 - $49,000",2,Yes,240,2,4,3,5,4,4,1,4,27
R_2ua7FSF0APhaYcu,18-20,"$10,000 - $29,000",1,No,880,2,4,5,4,5,4,1,4,29
R_0ezqhgK2eR1GaDs,18-20,"$90,000 - $109,000",3,No,400,2,1,4,1,3,5,1,2,19
R_9naMXpuhdYkHAUe,21-29,"$30,000 - $49,000",1,No,1060,4,5,1,2,3,5,2,2,24
R_2bHD3MA2gslflUq,40-49,"$90,000 - $109,000",2,Yes,1000,2,1,1,4,4,1,3,5,21
R_3eJkZBN6qhj0vKC,17 or younger,"$10,000 - $29,000",3,Yes,1540,5,1,4,3,1,3,1,4,22
R_3DCQ6rtbDMcPWFo,60 or older,"$70,000 - $89,000",3,Yes,1960,4,3,3,1,2,1,2,1,17
R_50x1PM2ceP7Abjw,21-29,"$0 - $9,999",1,Yes,1540,2,2,2,5,3,3,4,3,24
R_3wm1kY07cZuf0NM,50-59,"$0 - $9,999",3,No,1480,4,1,1,1,1,3,3,1,15
R_3DhwbT68df7D6aW,30-39,"$110,000 or more",3,Yes,1900,5,5,3,4,5,2,4,4,32
R_6zBYMLYgT69OxZc,18-20,"$0 - $9,999",2,Yes,180,2,1,4,5,1,4,1,5,23
R_3xxveCDVJZe6Dga,60 or older,"$0 - $9,999",None,Yes,1060,5,1,2,3,1,3,3,5,23
R_4SN8oea406v5E6W,18-20,"$0 - $9,999",1,No,120,5,4,1,2,5,5,1,1,24
R_0UmL0UcRbJ6Z7Se,18-20,"$70,000 - $89,000",4 or more,Yes,260,1,2,3,2,5,2,5,4,24
R_9vIpqpS381sA3hI,18-20,"$30,000 - $49,000",3,Yes,1740,1,2,1,4,2,1,2,2,15
R_d3WhnOeyQKGYzwa,50-59,"$90,000 - $109,000",None,Yes,1840,1,2,4,3,4,3,5,5,27
R_4OpWcZEjNeu7LsG,18-20,"$30,000 - $49,000",2,Yes,1600,3,3,3,1,1,3,4,1,19
R_2ueN0FnlYAPNk1w,17 or younger,"$70,000 - $89,000",3,Yes,940,5,1,2,3,3,3,1,5,23
R_8xelWJBM9ruo7pI,60 or older,"$30,000 - $49,000",3,No,420,4,3,3,2,5,3,4,2,26
R_6R6jVkIeZPGOEAe,40-49,"$0 - $9,999",3,Yes,640,2,4,3,5,4,3,2,3,26
R_0O4VAhnBGvLoAHc,60 or older,"$110,000 or more",4 or more,No,1780,3,4,3,1,3,2,5,4,25
R_8D0doR4K95zwsxo,50-59,"$30,000 - $49,000",4 or more,Yes,1780,2,5,5,3,1,4,2,2,24
R_8FV4BSFqpLQEeEe,30-39,"$0 - $9,999",1,Yes,1740,1,4,3,4,1,5,4,3,25
R_bkIrJGY99bzjCQK,60 or older,"$90,000 - $109,000",1,No,440,3,2,5,3,1,5,2,5,26
R_bBj3JHTUQPPqGfc,30-39,"$70,000 - $89,000",3,Yes,2000,3,3,3,3,1,3,3,3,22
R_dbg27X4U5ZlGjuC,21-29,"$30,000 - $49,000",2,No,1980,2,5,3,4,2,1,1,4,22
R_1Nrad1EnLxrqys6,17 or younger,"$10,000 - $29,000",3,Yes,280,4,5,5,2,5,2,2,2,27
R_3JBOZ4S03P3TDAG,50-59,"$110,000 or more",None,Yes,1180,1,1,4,2,1,1,4,1,15
R_8HtZuKcxubgTuVE,21-29,"$10,000 - $29,000",2,No,1240,1,2,5,2,3,1,1,3,18
R_6uossfoHEqU95Eq,30-39,"$30,000 - $49,000",1,Yes,840,2,4,4,4,3,1,4,3,25
R_2fyxQAlWDgiyXHM,30-39,"$70,000 - $89,000",3,No,1940,5,4,2,2,3,4,3,3,26
R_86yjyIebmH2pTmK,30-39,"$110,000 or more",1,No,820,1,3,4,2,5,4,4,2,25
R_3mafWOhd52B3L7M,18-20,"$70,000 - $89,000",1,Yes,920,4,2,4,1,4,4,4,5,28
R_8wZXzGV4EAWPpuC,21-29,"$70,000 - $89,000",2,Yes,1900,4,4,3,3,2,4,5,2,27
R_37oXg6fHKiNm5xA,18-20,"$50,000 - $69,000",None,Yes,1660,1,1,3,2,4,4,2,5,22
R_0wd5Qq7YONa4GMK,60 or older,"$0 - $9,999",None,Yes,1620,4,2,3,2,3,3,2,5,24
R_dcjOe7GWAaDHKbs,21-29,"$30,000 - $49,000",3,No,0,4,4,2,5,2,2,5,2,26
R_8w6guzIh4VkjZm6,18-20,"$0 - $9,999",None,No,1220,5,3,1,4,4,1,5,1,24
R_bdPQ6sCWHCqlsJ8,17 or younger,"$110,000 or more",3,No,1920,3,2,3,1,4,2,3,5,23
R_5vEoWvmCo7BNncG,60 or older,"$110,000 or more",4 or more,Yes,1100,5,4,1,3,5,2,2,2,24
R_4T93oRFvdpk90YS,40-49,"$90,000 - $109,000",4 or more,No,1900,3,3,4,3,1,3,2,5,24
R_aWTK6D4Fl8bUgCO,30-39,"$90,000 - $109,000",None,Yes,1280,1,3,3,5,4,2,1,5,24
R_1X6hrkQVQe09yqa,60 or older,"$0 - $9,999",2,Yes,120,4,3,1,4,5,5,5,4,31
R_3fN1M8X2zVTpvvg,21-29,"$10,000 - $29,000",None,Yes,860,1,5,1,4,5,5,4,4,29
R_6KgOIyQLYB6MDsO,21-29,"$0 - $9,999",4 or more,Yes,1060,5,5,2,2,5,3,4,2,28
R_3mz8myIciWAnYLY,17 or younger,"$0 - $9,999",4 or more,No,1080,5,2,2,1,5,3,2,4,24
R_6XqCaFh3er242I6,40-49,"$0 - $9,999",4 or more,Yes,840,1,4,1,5,4,5,5,5,30
R_cTLlBgkA86yLJUG,17 or younger,"$90,000 - $109,000",3,No,1140,3,5,1,5,4,5,2,4,29
R_a3hNRuWyCqQSbqe,50-59,"$0 - $9,999",4 or more,Yes,920,3,1,5,2,3,4,3,3,24
R_b8xeFKIZtEqF4tE,50-59,"$90,000 - $109,000",2,Yes,1200,4,4,4,3,4,4,1,1,25
R_8GkvB1DFk966sKO,17 or younger,"$0 - $9,999",None,No,1080,5,2,4,5,2,1,3,5,27
R_0AEgDP7b27jPUEe,18-20,"$90,000 - $109,000",None,Yes,500,3,5,4,3,1,4,2,4,26
R_bqLanA49Gn4oNwO,17 or younger,"$30,000 - $49,000",4 or more,No,1880,2,5,3,4,5,5,1,4,29
R_cUqNEYD1w84dXNQ,40-49,"$50,000 - $69,000",4 or more,Yes,1920,3,5,2,2,3,1,1,3,20
R_2bZSASvzfoilPsa,21-29,"$0 - $9,999",None,Yes,0,5,2,5,2,5,5,4,5,33
R_4YskUjITqicX3aS,30-39,"$90,000 - $109,000",None,No,1320,1,3,1,4,4,3,3,5,24
R_50E60UfLbyKHOt0,18-20,"$10,000 - $29,000",4 or more,No,60,3,3,3,5,3,5,5,4,31
R_8ix3Cct9CVju9p4,50-59,"$90,000 - $109,000",None,No,1480,5,5,3,3,4,5,4,4,33
R_dbd7kDeQh8bEREy,21-29,"$110,000 or more",None,No,280,3,4,5,2,5,2,3,5,29
R_0D0TNBj96qsFweW,40-49,"$70,000 - $89,000",1,No,1300,1,4,1,2,5,5,1,1,20
R_1BqiGI7z7tozVTo,21-29,"$0 - $9,999",4 or more,No,300,5,1,1,2,4,4,1,1,19
R_0krBNUuUFymfogK,50-59,"$110,000 or more",2,Yes,1480,5,1,2,1,2,4,2,2,19
R_78tpM5j2RGXahUy,17 or younger,"$10,000 - $29,000",2,No,720,1,2,5,5,1,4,1,4,23
R_cIo2IcHQ5xtSBqS,30-39,"$0 - $9,999",2,Yes,1040,1,3,5,1,5,5,4,3,27
R_eer7emAgtgOfWHs,18-20,"$50,000 - $69,000",3,No,1080,3,3,4,5,2,3,2,2,24
R_71cpC2JFrZBgBCu,30-39,"$70,000 - $89,000",2,Yes,1600,2,4,1,1,5,1,2,2,18
R_6zJ7RC7tfsejt3w,21-29,"$0 - $9,999",1,Yes,1220,3,5,3,2,2,2,3,1,21
R_4Mbg37UdZmHOhgi,30-39,"$90,000 - $109,000",4 or more,Yes,1940,5,3,5,3,3,2,2,1,24
R_54QkEUKqJ7qRP94,60 or older,"$0 - $9,999",2,Yes,1620,2,4,1,1,3,1,4,2,18
R_3qO83Je4Ey0wphk,18-20,"$50,000 - $69,000",2,No,40,2,2,1,2,2,5,5,4,23
R_29l9BEu3tTxCq0K,21-29,"$70,000 - $89,000",4 or more,No,1440,1,2,3,5,5,2,4,4,26
R_b2aLGWcLgNIin9Y,30-39,"$0 - $9,999",2,No,640,1,3,4,1,4,3,3,2,21
R_8CuXIjSnM9M9Vm6,21-29,"$110,000 or more",1,Yes,1900,4,4,1,1,2,3,1,1,17
R_d5wRchCdaVPJg1M,40-49,"$90,000 - $109,000",2,No,1180,4,4,3,5,1,1,5,3,26
R_cCq3Rx6ZGgN7R2K,30-39,"$50,000 - $69,000",3,No,1900,2,2,2,5,2,4,4,1,22
R_6Ar5Xb2ZJut2s4K,30-39,"$10,000 - $29,000",2,No,1500,1,2,1,3,4,2,2,1,16
R_4Pm7FTkkwYyc5RI,18-20,"$90,000 - $109,000",4 or more,No,280,3,3,3,2,4,2,2,2,21
R_5ouvIhp0mzOfpd4,40-49,"$70,000 - $89,000",4 or more,No,1640,4,1,3,5,1,5,3,1,23
R_80nzzlPFNOXP42O,50-59,"$90,000 - $109,000",None,No,920,1,2,5,4,1,5,3,1,22
R_1Zgp56qfxxtJpki,50-59,"$0 - $9,999",None,Yes,120,5,2,4,1,3,5,4,3,27
R_6ihCrlQt2VuHSl0,17 or younger,"$70,000 - $89,000",1,No,480,1,5,2,3,5,2,4,3,25
R_8IYDSQMXrGqC3bM,18-20,"$110,000 or more",1,No,1260,3,4,4,1,3,1,1,5,22
R_6fKOzwJYnDCmPRA,50-59,"$70,000 - $89,000",None,Yes,1660,4,5,2,2,5,2,1,3,24
R_4YkCFldowWhZyom,30-39,"$50,000 - $69,000",None,No,0,4,2,5,2,2,2,4,3,24
R_eD13Nbyp9hzNMGy,60 or older,"$110,000 or more",2,Yes,1220,2,1,1,2,2,3,3,5,19
R_9WyUxXPtUq6SVz8,50-59,"$0 - $9,999",None,Yes,1540,5,2,5,3,3,3,1,2,24
R_eWjiwBlFQKy642q,17 or younger,"$30,000 - $49,000",1,No,1920,2,2,3,5,2,3,4,2,23
R_bsygTYEKgbd9gZE,30-39,"$110,000 or more",3,No,1760,2,2,1,1,4,3,4,4,21
R_aXb6Ni0Ee0iDDym,18-20,"$10,000 - $29,000",None,Yes,560,2,3,2,1,3,5,4,3,23
R_9pLIyqfZhkmLnEy,18-20,"$30,000 - $49,000",4 or more,Yes,260,5,5,1,2,5,1,4,4,27
R_9So49Yop9vZo05M,30-39,"$10,000 - $29,000",None,Yes,1340,2,2,4,4,5,2,1,4,24
R_e3BJlcAglIZ7SK2,50-59,"$0 - $9,999",3,No,1480,2,4,3,3,5,1,2,2,22
R_2c5MqhmYxvCVTam,18-20,"$30,000 - $49,000",1,Yes,540,2,1,5,3,1,4,5,5,26
R_81aXLpL6b4srUKG,30-39,"$110,000 or more",None,Yes,1780,3,3,5,3,2,2,5,5,28
R_2ctP6mqqLFFQ5Ia,50-59,"$110,000 or more",1,Yes,300,5,4,5,3,1,2,3,5,28
R_3DxmCyJOg8CCG6a,40-49,"$30,000 - $49,000",4 or more,Yes,1140,4,2,4,3,5,1,1,4,24
R_dncRXlv3kxG8aCW,40-49,"$50,000 - $69,000",4 or more,No,840,1,4,3,4,1,4,3,5,25
R_50jk6J1tWCGl8Jo,40-49,"$50,000 - $69,000",None,Yes,880,1,1,2,1,3,1,5,4,18
R_50UaY3nGnEFhuFE,18-20,"$0 - $9,999",3,Yes,1260,3,3,5,2,1,2,3,1,20
R_3Wf4baEJikgRhSC,18-20,"$0 - $9,999",None,Yes,1480,1,2,1,1,4,2,1,5,17
R_a46qiCLG6gE9hhY,50-59,"$110,000 or more",3,No,460,4,5,2,4,1,1,5,3,25
R_etjIhPRJGR70XeS,18-20,"$30,000 - $49,000",2,Yes,1800,1,3,2,4,2,1,3,3,19
R_0JsvPhhxnyuT3xA,40-49,"$10,000 - $29,000",2,Yes,140,4,1,5,3,4,2,5,4,28
R_abBamurzCE2DlS6,18-20,"$110,000 or more",3,Yes,1880,3,1,5,3,1,2,1,5,21
R_6WNeMrTibmKWLmS,30-39,"$30,000 - $49,000",4 or more,No,660,4,1,3,1,5,3,2,1,20
R_doRGMFkn1GTYi46,21-29,"$10,000 - $29,000",4 or more,Yes,1920,5,2,1,5,1,2,5,4,25
R_brsNXGvPU5eqicS,21-29,"$70,000 - $89,000",None,No,1740,3,4,3,1,5,5,3,3,27
R_eFl30tHmhHeiIaa,21-29,"$90,000 - $109,000",None,Yes,520,1,1,3,5,3,5,2,4,24
R_d5zEWwAMwGUEMPY,18-20,"$0 - $9,999",4 or more,Yes,1980,3,5,3,3,2,5,1,3,25
R_6mmSLIKeJ6k2Dxc,30-39,"$0 - $9,999",4 or more,No,1820,2,4,1,2,2,4,1,2,18
R_0q5MEUH9GDH9BSC,18-20,"$10,000 - $29,000",2,Yes,1820,4,1,3,5,2,1,5,1,22
R_7WcB8iekybtBAsS,30-39,"$30,000 - $49,000",3,No,140,4,2,1,2,2,2,3,1,17
R_aXVELk0P3PTbKrs,18-20,"$90,000 - $109,000",None,Yes,1080,3,1,5,2,2,4,4,1,22
R_1FgEhP8NnZOXe98,30-39,"$50,000 - $69,000",1,No,1400,5,1,3,1,4,5,3,3,25
R_2rSNWLitFjRoT2e,50-59,"$0 - $9,999",None,No,1140,1,3,5,3,3,2,2,1,20
R_2mnA3zETQpRT5OK,30-39,"$30,000 - $49,000",2,Yes,1920,2,4,3,1,1,5,5,2,23
R_afJtDA9fZ0qoaHA,21-29,"$0 - $9,999",2,No,1480,3,2,3,5,1,4,1,1,20
R_0xirlXsdjLJQU7Q,30-39,"$90,000 - $109,000",3,No,120,1,5,2,3,5,3,3,2,24
R_0AmMEX38XsVne06,60 or older,"$70,000 - $89,000",3,Yes,1260,3,5,3,1,2,4,5,1,24
R_eYjH8t1VdEsBxqK,17 or younger,"$30,000 - $49,000",None,Yes,1640,2,1,2,4,1,3,1,1,15
R_3duLA6J8AnqcyLc,50-59,"$10,000 - $29,000",2,Yes,1260,1,3,1,5,4,1,1,5,21
R_1XqrpfbfPl3wP78,17 or younger,"$30,000 - $49,000",None,No,120,5,5,4,5,1,5,2,2,29
R_bOQ56sJMnoTg0M6,50-59,"$10,000 - $29,000",4 or more,Yes,1080,2,3,4,3,4,1,2,4,23
R_bPp7p3kWzA2q3Ii,21-29,"$50,000 - $69,000",3,Yes,1880,1,3,4,3,3,5,5,4,28
R_ey6quupEqAuGmH4,18-20,"$50,000 - $69,000",3,Yes,1060,1,2,3,4,2,4,2,5,23
R_3IuzW3w0JMpbUgu,40-49,"$90,000 - $109,000",3,Yes,1580,3,5,5,5,2,5,5,3,33
R_8iVYDsqg6AQZ63I,50-59,"$110,000 or more",3,Yes,1880,4,5,3,5,5,5,3,5,35
R_etYHpUzMHhAzo0K,17 or younger,"$0 - $9,999",3,No,840,2,4,2,5,2,1,3,4,23
R_0AjBNRL8UH3IhHU,17 or younger,"$90,000 - $109,000",4 or more,No,380,1,3,2,3,2,2,5,2,20
R_3WXVeGIPfUKz9BQ,50-59,"$50,000 - $69,000",None,Yes,1720,5,5,1,4,1,1,3,4,24
R_3kHBpHncxiH6Pt4,21-29,"$50,000 - $69,000",1,No,1680,1,1,2,2,4,5,2,4,21
R_6nzh6Co2YXazlfU,50-59,"$0 - $9,999",2,No,1940,2,3,4,5,1,4,4,2,25
R_8omnjoDtzQAuiVM,18-20,"$0 - $9,999",4 or more,No,1340,2,3,2,1,1,3,5,2,19
R_1zQmaPus1JOREQ6,18-20,"$30,000 - $49,000",4 or more,No,940,4,4,4,2,3,4,1,3,25
R_1XHOF1FT5b74nSS,30-39,"$30,000 - $49,000",2,No,1800,4,1,2,4,3,4,4,5,27
R_bemaeF2ceXPd9dA,60 or older,"$0 - $9,999",2,No,60,5,3,4,4,5,4,5,3,33
R_07YRnJmPDjTIVqS,50-59,"$110,000 or more",4 or more,No,1780,5,3,2,2,5,2,3,1,23
R_4NEEwZJhdvIWZU2,21-29,"$90,000 - $109,000",3,No,900,5,3,2,4,4,5,5,1,29
R_8CuJHYFkqGmIrzM,21-29,"$50,000 - $69,000",3,Yes,1880,4,3,5,4,1,4,5,4,30
R_blx83fQ3Jo38Q3s,17 or younger,"$110,000 or more",1,Yes,780,3,5,3,2,4,4,3,2,26
R_bjD5XMNU8MAfbTg,30-39,"$70,000 - $89,000",None,No,100,2,5,3,2,2,3,4,2,23
R_0UtJCmNHZZCnzsW,30-39,"$50,000 - $69,000",2,No,1200,3,3,2,2,3,4,5,5,27
R_cT8bg8gfTghNx0a,30-39,"$0 - $9,999",None,Yes,540,3,3,3,2,2,4,5,2,24
R_cUAMS72VqzLkEEm,50-59,"$110,000 or more",3,No,60,5,3,4,5,4,4,2,1,28
R_3Oejdshg0lIDCse,18-20,"$90,000 - $109,000",3,Yes,720,3,3,2,5,2,5,2,1,23
R_cvEI87vfvt3FoH4,40-49,"$0 - $9,999",1,No,1120,3,3,5,1,2,3,2,5,24
R_79cZsXmhF5ZcGcS,60 or older,"$110,000 or more",1,Yes,1220,5,3,5,4,2,1,1,3,24
R_0MwqncoS3h0A6UK,18-20,"$110,000 or more",2,No,1880,1,4,5,3,1,5,4,3,26
R_6JBRMaAjRjcURWm,21-29,"$90,000 - $109,000",None,Yes,340,5,4,5,4,1,2,3,3,27
R_agGhdD4h9RnZWw6,17 or younger,"$90,000 - $109,000",3,Yes,60,3,3,2,5,3,2,4,3,25
R_9KY96fcRefaeAXI,50-59,"$110,000 or more",2,Yes,80,2,5,3,4,4,4,2,1,25
R_bJIkkelaFvmROaa,18-20,"$30,000 - $49,000",2,No,700,5,3,3,5,3,2,5,5,31
R_ezmn2P823z9LLts,50-59,"$0 - $9,999",1,Yes,1500,4,2,2,1,1,3,2,1,16
R_7VcPW45vbSseLwa,18-20,"$110,000 or more",3,Yes,1080,5,3,4,2,4,1,4,2,25
R_0dYEtcZJShr97sG,18-20,"$70,000 - $89,000",3,No,1080,4,5,1,4,5,3,1,2,25
R_0ulsAtahWO841dc,60 or older,"$110,000 or more",1,Yes,1020,1,2,2,3,3,4,4,2,21
R_0jtFHOh0MHpCepg,18-20,"$0 - $9,999",1,Yes,140,1,1,1,2,4,5,1,5,20
R_e9yvgimNDlwgPH0,30-39,"$0 - $9,999",2,Yes,1520,3,4,2,5,3,3,3,3,26
R_9yu2DSnocUqWw4e,30-39,"$10,000 - $29,000",4 or more,Yes,1180,4,2,1,3,2,2,2,5,21
R_cUqm22LcYMNNHWm,17 or younger,"$0 - $9,999",3,No,280,2,5,5,4,1,1,4,5,27
R_2rWJuKCwEPz5ylg,17 or younger,"$10,000 - $29,000",1,Yes,1520,3,5,4,1,1,5,5,5,29
R_5zteO35625M7dem,18-20,"$90,000 - $109,000",4 or more,No,1440,5,4,4,5,5,5,1,2,31
R_ehtXrlXGjSkqSt8,40-49,"$110,000 or more",None,Yes,1520,4,3,4,2,2,2,2,5,24
R_3PLRlKPb04lPW74,18-20,"$90,000 - $109,000",3,Yes,1460,3,1,5,4,4,4,1,4,26
R_eJ6vJEP5yWiZsou,30-39,"$70,000 - $89,000",None,Yes,820,1,3,5,3,1,3,1,4,21
R_6RSlgFsdk8cMYaW,60 or older,"$50,000 - $69,000",1,Yes,1520,4,5,3,3,4,5,1,4,29
R_3aqcAD6ykpNeWVw,17 or younger,"$30,000 - $49,000",1,No,340,1,4,2,1,3,5,4,2,22
R_0rLsAuHQ9YiUKPA,18-20,"$10,000 - $29,000",2,No,660,3,5,3,1,2,3,5,5,27
R_6SjajJHdaYVFMZ8,17 or younger,"$70,000 - $89,000",4 or more,No,1400,3,5,5,5,2,3,2,3,28
R_4HgNvr0I1V7mmSa,50-59,"$30,000 - $49,000",1,Yes,460,1,2,2,3,1,4,2,5,20
R_8D00XpjIZ159PL0,60 or older,"$30,000 - $49,000",2,Yes,1300,1,5,3,4,5,1,1,5,25
R_6PVv2vAVK65MArI,50-59,"$110,000 or more",None,No,1420,1,4,2,5,2,1,3,3,21
R_0wBBUAfdDtKI20K,18-20,"$30,000 - $49,000",None,Yes,540,5,2,3,1,2,1,5,4,23
R_5sF901hE43MViOq,17 or younger,"$0 - $9,999",1,Yes,720,1,1,1,3,3,1,1,5,16
R_5pyGTrwJyZRtntI,17 or younger,"$10,000 - $29,000",2,No,1840,2,4,4,4,3,1,1,5,24
R_brcYEuOcn6DbR9Y,21-29,"$70,000 - $89,000",4 or more,Yes,400,5,1,4,4,3,4,2,3,26
R_7OnZmdzUFaP2ujA,40-49,"$10,000 - $29,000",3,Yes,1720,4,5,4,1,5,5,4,2,30
R_bNjddA9FvLmjb4a,40-49,"$10,000 - $29,000",4 or more,No,740,3,5,2,2,4,5,1,3,25
R_8wEvE95hiNNs2lE,60 or older,"$110,000 or more",1,No,280,3,1,1,3,1,4,1,3,17
R_a9qLumMx6hUhgCa,21-29,"$50,000 - $69,000",2,Yes,1300,4,4,2,3,2,5,1,5,26
R_5psI6TmcjtUxg6a,17 or younger,"$50,000 - $69,000",4 or more,Yes,140,1,3,3,3,1,3,1,4,19
R_9tMEdSp2QtdmvT8,30-39,"$90,000 - $109,000",None,No,1900,2,2,3,3,1,3,3,4,21
R_2fXxlPAeBDHcypg,17 or younger,"$30,000 - $49,000",3,No,160,4,5,1,5,1,1,1,2,20
R_38dfiucLkycAHfE,40-49,"$0 - $9,999",None,Yes,400,5,1,5,1,2,4,3,2,23
R_3t6vwlvRNutThsO,17 or younger,"$10,000 - $29,000",2,Yes,60,2,4,2,4,2,5,5,2,26
R_aaPcLhoF5G4GV02,60 or older,"$70,000 - $89,000",None,No,1220,3,1,5,5,5,4,5,4,32
R_9uEIj4kTGihZeC2,50-59,"$110,000 or more",3,No,600,4,3,3,5,5,4,5,1,30
R_4Uh8zd2AKL8iJBs,30-39,"$70,000 - $89,000",3,Yes,280,5,5,3,3,3,1,2,2,24
R_ezgZ9HlqHb4affE,30-39,"$30,000 - $49,000",2,Yes,1960,3,5,2,5,3,5,1,3,27
R_9RHtpZuNgJs1MsS,18-20,"$70,000 - $89,000",2,Yes,680,4,3,4,3,3,2,5,5,29
R_7U8XHEXcmEOyMgC,50-59,"$10,000 - $29,000",None,Yes,920,4,2,5,3,4,4,2,2,26
R_enwGa8RD6S95iia,50-59,"$90,000 - $109,000",3,No,1820,3,3,2,3,3,2,2,4,22
R_cuLgwFXBV99VR4y,21-29,"$10,000 - $29,000",None,Yes,520,3,3,4,1,2,2,1,1,17
R_1TwYz038oVRtUWy,17 or younger,"$110,000 or more",1,No,380,3,1,3,4,4,3,4,1,23
R_0Js9kZz2iD7GpWC,30-39,"$90,000 - $109,000",3,No,340,5,2,4,4,4,5,4,5,33
R_eJRssM2dAgoj3Rc,18-20,"$110,000 or more",4 or more,No,560,1,1,2,4,2,4,3,3,20
R_0GpmnVW3Of1Vl2u,40-49,"$50,000 - $69,000",3,Yes,880,1,5,2,5,5,1,3,4,26
R_cNtb0DPdlERrTGm,60 or older,"$0 - $9,999",1,Yes,760,2,2,1,3,3,2,2,1,16
R_1KOHCUh7vEAUcCO,17 or younger,"$50,000 - $69,000",1,Yes,400,3,2,2,2,5,2,5,3,24
R_cA9mUEN6MoE5Hym,18-20,"$90,000 - $109,000",2,No,1880,3,4,1,4,4,2,2,4,24
R_9mm2iPfsNQqOH7E,18-20,"$90,000 - $109,000",2,No,1000,2,4,1,3,5,5,4,5,29
R_1N5FZsWK4g6JPPU,60 or older,"$0 - $9,999",3,Yes,60,1,4,3,4,5,2,1,2,22
R_eR0VUWTKOXrsRzo,50-59,"$50,000 - $69,000",1,Yes,840,5,2,3,4,5,1,2,3,25
R_6qXRDJKV8FC9iYe,17 or younger,"$10,000 - $29,000",1,No,1240,1,3,3,5,4,4,4,2,26
R_9QWWc82cjjP84Rw,21-29,"$50,000 - $69,000",3,No,1460,1,5,4,2,1,1,1,1,16
R_bQuvMsdAOGL755k,40-49,"$10,000 - $29,000",1,No,1720,3,5,2,3,4,4,4,4,29
R_72jPLukeG8nOpaC,21-29,"$10,000 - $29,000",2,No,1140,5,3,5,1,4,2,1,1,22
R_cSHuS4vk7xsgNYG,18-20,"$110,000 or more",4 or more,No,920,1,4,5,3,3,2,5,4,27
R_cOwEIHf0jkhYUt0,21-29,"$50,000 - $69,000",4 or more,Yes,440,3,5,4,2,3,2,2,2,23
R_9SOthf0O8XP8sdM,18-20,"$70,000 - $89,000",None,No,180,1,3,5,1,4,1,1,4,20
R_6yhsvnJw5bQeDBk,17 or younger,"$0 - $9,999",2,Yes,1580,3,1,3,1,4,5,3,3,23
R_aVnRJZ4GUrguOoe,40-49,"$0 - $9,999",None,No,1240,5,1,1,2,1,2,2,2,16
R_8czAzEGhC1E16N8,30-39,"$50,000 - $69,000",4 or more,Yes,900,5,2,4,3,2,3,2,2,23
R_eywVmtdRYUrcKnY,40-49,"$90,000 - $109,000",2,Yes,720,2,4,5,2,3,2,3,4,25
R_2l3SyGIQrNNjW5w,60 or older,"$90,000 - $109,000",2,Yes,700,4,4,3,3,3,2,3,5,27
R_dczJb39vOxt7NgW,17 or younger,"$90,000 - $109,000",2,Yes,220,2,5,4,5,5,2,2,2,27
R_2rCHEePAeyT6FSu,21-29,"$70,000 - $89,000",3,Yes,1280,4,4,4,1,2,3,4,2,24
R_e4F858Wi82e6t5Y,50-59,"$90,000 - $109,000",None,Yes,1320,2,5,2,4,5,2,5,3,28
R_9vIRxG38WjkKB7w,17 or younger,"$90,000 - $109,000",4 or more,Yes,1500,3,5,4,3,4,4,5,2,30
R_cBKYRRONDDA7peC,17 or younger,"$50,000 - $69,000",4 or more,No,1100,1,2,1,4,5,5,2,1,21
R_23uqhkPZS03rqDA,60 or older,"$70,000 - $89,000",4 or more,No,180,1,5,1,1,5,3,3,4,23
R_e3A9MB8XeroOySG,40-49,"$70,000 - $89,000",4 or more,Yes,220,4,5,4,4,3,5,4,4,33
R_eEsbb0Y1YomInTE,21-29,"$50,000 - $69,000",None,No,1920,5,3,3,3,3,4,1,2,24
R_4JfKTDnqM3zHGpE,60 or older,"$10,000 - $29,000",3,No,880,3,5,3,3,2,1,3,4,24
R_5zPtgyCetbDu7k2,21-29,"$70,000 - $89,000",None,No,120,1,2,1,4,5,1,1,2,17
R_3x5tfJ8EIYliueW,50-59,"$90,000 - $109,000",3,No,1140,5,5,1,5,1,5,4,2,28
R_9v27U3Axz7v6Ezs,30-39,"$0 - $9,999",None,No,80,5,5,5,4,4,4,5,3,35
R_eyDr5t5a2Tf8uLI,21-29,"$30,000 - $49,000",1,No,100,2,3,3,3,2,3,4,3,23
R_9uXEt9amGUJAofA,50-59,"$50,000 - $69,000",4 or more,Yes,500,3,1,2,3,2,1,2,3,17
R_aayQzAlQ1L4EafI,30-39,"$110,000 or more",None,No,880,3,3,3,1,3,3,1,3,20
R_9vGX9ZMIMcjQcxo,30-39,"$50,000 - $69,000",4 or more,No,1760,2,2,2,3,3,5,2,3,22
R_6JqwtRTN3qsDEG2,50-59,"$90,000 - $109,000",None,Yes,460,3,5,5,2,1,4,3,2,25
R_dh6SXXCeRGMqoAe,60 or older,"$50,000 - $69,000",2,No,1040,4,1,5,3,5,4,4,5,31
R_ebVmsh7OYVZf6NE,17 or younger,"$10,000 - $29,000",None,Yes,1720,3,2,3,4,5,4,4,4,29
R_9U2wIivqo2pVZfU,21-29,"$90,000 - $109,000",2,Yes,440,1,2,5,3,1,3,5,4,24
R_cDaGLQiFiSY4wZM,50-59,"$30,000 - $49,000",1,Yes,1780,1,5,5,2,1,3,3,5,25
R_7VQllYsNXbOcJJs,40-49,"$10,000 - $29,000",1,No,1860,5,1,3,4,4,4,5,4,30
R_dgv7kUY6nIRbGaa,18-20,"$10,000 - $29,000",4 or more,No,1980,4,2,1,4,2,1,5,1,20
R_0cwqcVyKYrSO47A,18-20,"$0 - $9,999",1,Yes,380,3,4,4,2,1,1,2,5,22
R_4JhXBaj1gCncb9I,50-59,"$70,000 - $89,000",4 or more,No,400,1,3,4,5,3,4,3,4,27
R_1Yr6wtrb1BEy6DY,17 or younger,"$50,000 - $69,000",2,No,360,4,5,2,4,3,1,4,3,26
R_e4A7n3BuQaFmpKK,21-29,"$0 - $9,999",2,Yes,80,1,1,4,2,3,1,5,4,21
R_3watwJVqiBtmIzI,40-49,"$0 - $9,999",2,Yes,1760,3,1,1,4,4,5,1,1,20
R_8GolAvCeHXFSQpU,21-29,"$90,000 - $109,000",4 or more,Yes,700,3,2,3,5,5,3,1,2,24
R_cxc8MCABW4zkwQK,60 or older,"$10,000 - $29,000",None,Yes,560,4,1,1,1,2,2,5,5,21
R_cGeTfAzVVwvzsdE,50-59,"$90,000 - $109,000",3,No,1200,1,4,3,5,1,5,2,1,22
R_033A6VFgPklmHjM,17 or younger,"$70,000 - $89,000",3,No,1260,2,3,2,1,1,3,3,2,17
R_893EAGAGOpKTOBg,30-39,"$10,000 - $29,000",None,No,60,2,3,2,5,4,3,4,5,28
R_0VPewhdl9SnDZ4O,17 or younger,"$110,000 or more",3,No,1400,5,5,4,2,5,3,4,5,33
R_afMATRqjbe24z5k,18-20,"$110,000 or more",2,Yes,1820,1,2,1,4,5,2,1,4,20
R_aboeQgW95Os32lg,50-59,"$90,000 - $109,000",None,Yes,1660,2,2,3,4,5,5,2,4,27
R_7Pw36ioC8R6AFcG,21-29,"$90,000 - $109,000",4 or more,No,1740,4,1,1,2,5,3,3,1,20
R_8zYKuXkYvU9XNpc,30-39,"$70,000 - $89,000",1,Yes,60,5,2,2,1,5,4,2,1,22
R_3knbUKkHFXq7VYy,40-49,"$0 - $9,999",3,No,880,1,3,5,4,2,1,4,2,22
R_2tsqCpTkRhuNiaG,40-49,"$90,000 - $109,000",4 or more,No,1300,5,5,5,1,1,4,5,4,30
R_dh9P9QkIHZjjVfo,17 or younger,"$70,000 - $89,000",3,No,540,3,3,5,5,4,1,3,3,27
R_bduacJD2S7buIKy,21-29,"$10,000 - $29,000",4 or more,Yes,1160,4,2,2,2,1,3,5,1,20
R_3drKv1zjfaJLISW,21-29,"$10,000 - $29,000",None,No,460,4,3,5,4,5,5,1,5,32
R_d9WF72PgpwVFCC2,30-39,"$50,000 - $69,000",2,No,1240,4,3,3,4,3,2,5,5,29
R_3I7AiUvkpKSQ9Nk,40-49,"$30,000 - $49,000",4 or more,Yes,400,2,3,1,4,1,4,2,2,19
R_39pgCDl1wt0yxJs,18-20,"$0 - $9,999",None,Yes,1760,4,5,5,2,5,2,5,5,33
R_6yaKuNtDHb3Ihuu,17 or younger,"$0 - $9,999",None,Yes,440,4,1,4,3,3,4,3,5,27
R_3JGbTaE043reTj0,18-20,"$90,000 - $109,000",None,Yes,40,5,5,3,2,2,3,1,2,23
R_8wxZ77K8aOvpQ4C,50-59,"$110,000 or more",None,Yes,660,4,4,1,3,2,5,3,1,23
R_9NzyBwtT7hkkVzU,18-20,"$10,000 - $29,000",2,Yes,760,4,4,4,3,1,5,4,5,30
R_6icVlYBpvQ7OJx4,50-59,"$70,000 - $89,000",2,Yes,520,1,4,4,1,1,3,1,4,19
R_4GBiot8MFaiHEou,17 or younger,"$50,000 - $69,000",2,No,80,4,4,2,1,3,4,3,4,25
R_0dha9NE8WeETDOm,50-59,"$50,000 - $69,000",1,Yes,900,2,4,1,1,5,5,2,5,25
R_9WTH0wMGcXoVO98,21-29,"$10,000 - $29,000",4 or more,No,800,4,5,3,4,3,5,1,1,26
R_6RKWAZXPGrJEZpA,60 or older,"$70,000 - $89,000",4 or more,Yes,1200,1,2,1,3,2,1,2,4,16
R_87y11azTeIp2Zme,60 or older,"$10,000 - $29,000",None,Yes,1300,2,1,3,3,3,3,2,5,22
R_emQzfGkBNsbTWC2,17 or younger,"$90,000 - $109,000",1,No,120,3,1,4,2,2,4,4,5,25
R_db9XjtofxxeUxRY,60 or older,"$0 - $9,999",None,No,1900,4,3,2,2,3,1,3,2,20
R_81e0j5qcmTcdGvQ,30-39,"$0 - $9,999",3,No,1780,2,2,2,1,3,3,2,5,20
R_ac0LOvECwhqX8PQ,17 or younger,"$50,000 - $69,000",4 or more,No,140,4,2,2,5,3,3,5,1,25
R_9uXV3ZYKyyeILoa,30-39,"$50,000 - $69,000",None,Yes,260,2,1,3,1,2,4,1,1,15
R_0cTLi3jF0fhEjrg,30-39,"$90,000 - $109,000",1,No,60,5,4,4,5,3,3,2,4,30
R_0wDC2ByRDRoLJB4,17 or younger,"$110,000 or more",2,Yes,720,4,1,2,3,4,3,2,2,21
R_0OmG9wpIMsLdJ6C,21-29,"$50,000 - $69,000",1,Yes,900,3,1,2,1,2,2,3,5,19
R_5u3wWEAaMApJjL0,18-20,"$10,000 - $29,000",2,No,140,2,3,5,4,4,2,2,5,27
R_1YMdT1el2g520gS,30-39,"$90,000 - $109,000",4 or more,No,1800,3,3,2,2,3,1,1,5,20
R_ex61WNURaj2URPE,50-59,"$30,000 - $49,000",3,No,620,2,5,1,4,5,1,1,4,23
R_8f7EyYsOywdalRI,21-29,"$30,000 - $49,000",4 or more,Yes,1520,3,3,2,5,1,2,5,4,25
R_eRqAflEanUz54TI,30-39,"$90,000 - $109,000",1,Yes,1160,5,3,5,5,2,2,5,3,30
R_6XqprUqVBxcFN66,50-59,"$50,000 - $69,000",2,Yes,1920,1,1,5,5,5,2,2,1,22
R_eW2OgxpEOE67Y7c,60 or older,"$10,000 - $29,000",1,Yes,1180,4,3,2,3,4,1,3,5,25
R_1NCCY4pAcSMw5oO,17 or younger,"$70,000 - $89,000",4 or more,Yes,1280,5,4,3,2,2,3,2,5,26
R_6nF3oFv1Q38daNo,40-49,"$0 - $9,999",1,No,800,1,1,4,5,4,2,2,1,20
R_d4Ny0cQ7OpJZbL0,30-39,"$50,000 - $69,000",3,No,460,2,2,5,3,5,5,2,4,28
R_0k3u9YMDdpVRYN0,17 or younger,"$50,000 - $69,000",3,No,320,4,4,5,2,3,3,2,2,25
R_0IX4nIcECxrdBl4,40-49,"$10,000 - $29,000",1,No,480,4,2,3,4,5,2,5,5,30
R_b1rSphAW049gwlM,21-29,"$30,000 - $49,000",1,No,400,3,3,2,2,3,5,4,3,25
R_damZoRA2xYnpCqa,17 or younger,"$90,000 - $109,000",None,Yes,1580,1,3,5,2,3,5,2,4,25
R_bvxW9PvMZSkOXlA,17 or younger,"$90,000 - $109,000",2,No,620,3,4,2,1,2,1,5,4,22
R_5gvjXmVvxqU54CW,17 or younger,"$70,000 - $89,000",1,No,280,4,3,3,3,3,5,2,2,25
R_b8TiCBkuzxUrUWy,17 or younger,"$0 - $9,999",None,No,20,1,2,1,2,3,1,4,2,16
R_0JrLdE3VrAisuIS,50-59,"$0 - $9,999",2,No,1840,1,5,5,4,1,2,2,4,24
R_cAWyFhqtWzShYwK,40-49,"$110,000 or more",3,No,1220,3,3,4,1,1,3,4,5,24
R_1SJfA5Ct6oDBjQG,40-49,"$110,000 or more",1,No,480,4,1,2,4,3,1,3,2,20
R_71z1DNgOxZRupRs,60 or older,"$110,000 or more",None,No,460,4,3,2,3,4,5,4,5,30
R_0udBx8BBY9mKWl8,17 or younger,"$10,000 - $29,000",4 or more,Yes,1260,4,1,1,5,1,5,1,4,22
R_4UzVx6ifw3Fl5hs,17 or younger,"$0 - $9,999",None,No,460,4,4,2,5,5,5,1,2,28
R_5uUQ6nhknTwIURw,18-20,"$30,000 - $49,000",None,No,1880,3,1,3,2,5,1,3,5,23
R_1U4ArVuvaEUXvOm,30-39,"$110,000 or more",1,Yes,820,4,1,2,2,2,3,4,1,19
R_eu5XS0e3FkG1Xr8,60 or older,"$30,000 - $49,000",2,No,0,5,5,4,2,5,5,3,4,33
R_9MmG6xUW6p7WCfs,17 or younger,"$0 - $9,999",None,Yes,1100,4,4,1,1,2,2,2,3,19
R_1LEh4Z83FBDtsdo,18-20,"$10,000 - $29,000",1,Yes,140,5,5,3,5,5,5,1,5,34
R_5794SGLTNqOgJv0,30-39,"$90,000 - $109,000",4 or more,No,640,2,4,1,1,4,4,5,2,23
R_1TfqHqiQf4g5d0a,60 or older,"$0 - $9,999",3,No,1800,3,5,4,5,1,3,4,4,29
R_1Syv5lPVleoE742,17 or younger,"$70,000 - $89,000",1,No,780,5,5,5,3,5,3,3,3,32
R_0xPCbXctQEaHbme,18-20,"$50,000 - $69,000",1,Yes,1060,3,1,1,4,1,3,4,4,21
R_0VxqfN623SH0kXc,60 or older,"$10,000 - $29,000",None,Yes,860,5,3,1,5,2,3,3,5,27
R_1X1bCGsTFtrYCAm,60 or older,"$110,000 or more",None,No,980,2,2,4,5,4,5,4,3,29
R_5bB9Kjs17ndM4aG,40-49,"$10,000 - $29,000",3,No,1220,3,2,4,3,5,4,1,5,27
R_dcElX9xfGsLqeDc,50-59,"$70,000 - $89,000",2,Yes,1920,3,5,3,5,3,5,2,1,27
R_3aTv3rcSG2pvTng,21-29,"$70,000 - $89,000",None,No,900,5,2,5,1,5,2,3,1,24
R_eljsaq8DOE6kRYW,50-59,"$50,000 - $69,000",None,Yes,1940,1,4,3,2,5,1,5,1,22
R_d6F1ycmJ9GDWksu,21-29,"$50,000 - $69,000",2,Yes,1860,3,4,2,3,1,2,5,2,22
R_7Pewi0rBMo89PfM,50-59,"$30,000 - $49,000",4 or more,Yes,1340,4,2,2,2,3,1,3,4,21
R_5ulO1j0GXvED00K,21-29,"$70,000 - $89,000",2,No,1260,3,4,4,5,2,3,4,2,27
R_0wvRBFv3mRFmbJ4,30-39,"$0 - $9,999",4 or more,No,240,3,2,2,4,1,2,3,1,18
R_ehQm0Mv9ljX4uc6,17 or younger,"$10,000 - $29,000",2,No,580,4,2,1,3,2,4,1,1,18
R_5vtZPImlQruvgJE,50-59,"$70,000 - $89,000",3,No,860,5,4,5,5,4,3,4,3,33
R_38aeqRqImUkv5TE,17 or younger,"$30,000 - $49,000",3,Yes,1840,5,2,5,4,5,1,4,4,30
R_7PNrOJiPyNSut6u,17 or younger,"$30,000 - $49,000",3,Yes,360,2,3,4,4,1,2,5,2,23
R_d4iaSQ9syz09dSS,50-59,"$90,000 - $109,000",1,Yes,100,4,1,3,2,4,5,2,3,24
R_0Ol2zdVINVjapF4,50-59,"$30,000 - $49,000",2,No,560,2,4,5,2,3,2,3,5,26
R_0UIezGGszIphmzY,17 or younger,"$110,000 or more",4 or more,No,440,4,3,4,5,2,1,5,4,28
R_0vVN739xiH1tMnY,50-59,"$90,000 - $109,000",2,No,200,3,2,2,2,2,4,3,2,20
R_9YuYfBmNfgYgPgG,18-20,"$30,000 - $49,000",None,No,1340,5,3,1,1,2,1,4,1,18
R_6EGyAJc7Nc815Y2,50-59,"$110,000 or more",2,No,1240,2,3,2,4,4,4,2,1,22
R_0qefvx6afdnpBVI,18-20,"$70,000 - $89,000",2,No,1980,3,1,5,5,4,4,4,4,30
R_eyyBrp4ztKLA1eu,40-49,"$10,000 - $29,000",1,Yes,40,3,2,2,3,5,5,2,3,25
R_6F51rPPhnrtpuB0,50-59,"$50,000 - $69,000",None,No,1860,2,5,2,3,1,1,2,2,18
R_3If7yhi6EFDZh6S,18-20,"$30,000 - $49,000",2,Yes,1580,1,3,5,4,1,4,4,1,23
R_9BIWGToAQfCnNAi,60 or older,"$90,000 - $109,000",None,Yes,1340,1,1,3,5,1,2,3,3,19
R_7U97BLxP9m7Si9w,17 or younger,"$50,000 - $69,000",None,Yes,180,4,5,4,4,4,5,1,3,30
R_3q1I9ik5RbvIbKm,21-29,"$10,000 - $29,000",1,No,100,5,2,1,2,4,4,4,1,23
R_8G2GFR3NVbcey0u,50-59,"$0 - $9,999",4 or more,No,900,4,1,5,1,2,4,4,2,23
R_4Ue7LFx6HEK1LBc,17 or younger,"$70,000 - $89,000",4 or more,Yes,1740,4,1,5,4,3,4,1,3,25
R_cOnHhIxUBpJ7lye,17 or younger,"$110,000 or more",1,No,1200,5,3,5,1,1,3,3,3,24
R_3e2SdRKeNgVH3bE,50-59,"$70,000 - $89,000",None,No,500,3,3,3,5,4,4,1,1,24
R_blbbb2474L9WfA2,60 or older,"$110,000 or more",None,Yes,500,3,4,3,2,1,1,2,3,19
R_8AHMvWd1pLWKxEi,18-20,"$30,000 - $49,000",3,No,1620,5,5,2,4,3,1,5,3,28
R_b8J2VH2KtVWfYh0,60 or older,"$110,000 or more",3,No,460,3,1,4,5,4,1,1,4,23
R_di2GR6pDg1Ip5AO,21-29,"$0 - $9,999",2,No,800,2,3,2,3,4,3,3,1,21
R_0dqawX6eHI0MZng,60 or older,"$30,000 - $49,000",4 or more,No,700,3,5,1,3,2,1,1,4,20
R_1NRq7xa3U0KG3C6,18-20,"$70,000 - $89,000",None,No,1620,4,5,5,2,1,2,5,2,26
R_bmjvnYkzhCmGf4i,60 or older,"$10,000 - $29,000",3,Yes,280,2,5,1,3,4,3,1,3,22
R_4GHlxLedumgfZaK,17 or younger,"$50,000 - $69,000",2,No,900,2,2,5,5,3,2,3,4,26
R_54LW1cBAROyNnL0,40-49,"$50,000 - $69,000",3,Yes,1580,1,5,4,1,2,3,3,1,20
R_bPz4bkd7oSfLwQ6,30-39,"$110,000 or more",3,No,240,3,2,1,3,4,3,2,5,23
R_56dYPP3kkCgnXg2,40-49,"$90,000 - $109,000",4 or more,No,380,5,3,5,1,4,3,2,5,28
R_5zqksyVI1nsRcI6,40-49,"$30,000 - $49,000",2,No,1160,1,2,3,3,2,2,1,1,15
R_0UoeLfgGY1DBZWK,60 or older,"$0 - $9,999",None,No,1980,4,2,4,5,4,4,2,3,28
R_3TYxxaPh6ujuLFI,17 or younger,"$70,000 - $89,000",2,No,220,3,4,2,4,4,1,1,5,24
R_1FiFgSbeW5pMeG2,40-49,"$0 - $9,999",1,No,2000,4,4,1,5,2,5,2,2,25
R_81ZPNtpQRc0SQPs,40-49,"$10,000 - $29,000",None,No,120,3,4,1,4,2,2,1,2,19
R_5ywBinnVBZre2c6,30-39,"$30,000 - $49,000",4 or more,Yes,1700,4,2,2,1,2,4,4,3,22
R_1KWrYnujaCKqL1c,30-39,"$10,000 - $29,000",2,Yes,80,2,2,3,2,4,2,2,1,18
R_4G8iVs74nM4ROC2,18-20,"$90,000 - $109,000",4 or more,Yes,1600,4,3,3,3,3,3,4,4,27
R_9GINchtccfluo62,40-49,"$110,000 or more",1,No,660,2,3,5,1,5,4,4,3,27
R_1G1jaoDGo1BF3CK,21-29,"$0 - $9,999",4 or more,No,780,1,5,1,2,1,1,3,5,19
R_cIRxRfOhX5mBhWK,18-20,"$30,000 - $49,000",4 or more,Yes,40,3,5,5,4,5,5,4,3,34
R_cBGoHgGPqBSlCvA,21-29,"$30,000 - $49,000",None,Yes,1820,1,5,1,4,3,1,2,4,21
R_4UUEy8obicphWom,30-39,"$70,000 - $89,000",3,No,1420,5,1,3,1,4,5,4,2,25
R_0qVpDpMZb6xteqG,17 or younger,"$30,000 - $49,000",4 or more,Yes,800,1,1,4,3,4,4,4,3,24
R_1zfp6x9wrkyYVZI,60 or older,"$70,000 - $89,000",4 or more,No,780,5,3,4,1,5,3,1,2,24
R_8uibp6mzps6ropw,40-49,"$50,000 - $69,000",2,Yes,180,4,2,3,5,2,4,1,1,22
R_bsjjjROzCyr3Iua,21-29,"$110,000 or more",2,Yes,1820,5,1,5,4,3,1,4,2,25
R_b7PpMAOKpiehyTA,17 or younger,"$70,000 - $89,000",2,No,1540,1,4,2,3,1,5,2,4,22
R_4OugDOaC0cqoDqe,30-39,"$10,000 - $29,000",4 or more,No,680,1,3,2,3,2,2,5,3,21
R_aaOV1gK66gzQkZM,60 or older,"$30,000 - $49,000",4 or more,Yes,20,2,4,2,4,2,3,2,5,24
R_emNULZ0epz7cGIm,50-59,"$110,000 or more",2,Yes,1880,1,4,1,4,2,3,3,5,23
R_555sPXRs1LCybqK,21-29,"$50,000 - $69,000",4 or more,No,1760,3,5,3,5,1,1,3,3,24
R_0pjWpLO3tWTy1yS,21-29,"$90,000 - $109,000",3,No,1700,3,1,1,4,4,1,1,2,17
R_bC4bJPq4TueIbUq,50-59,"$90,000 - $109,000",4 or more,No,1360,3,1,5,2,4,4,4,3,26
R_2sZiRyugr8EmEWq,17 or younger,"$70,000 - $89,000",1,Yes,1340,5,1,2,5,5,1,4,3,26
R_5yvpR0U6UZQgp3o,40-49,"$0 - $9,999",1,No,320,1,1,4,1,5,2,3,1,18
R_2lCOvH7x5CmaoVo,30-39,"$50,000 - $69,000",None,Yes,540,5,4,3,2,5,1,4,3,27
R_8H7JBodUenlH4vI,17 or younger,"$50,000 - $69,000",4 or more,Yes,2000,4,1,5,3,4,4,4,1,26
R_25GkDbj2INoDVye,17 or younger,"$110,000 or more",None,Yes,1420,1,4,5,2,3,4,4,5,28
R_6DSvQcLJyDUCGdo,18-20,"$50,000 - $69,000",1,Yes,1460,3,5,2,1,5,2,4,4,26
R_3WNFpfnE5eNnHAq,50-59,"$70,000 - $89,000",2,Yes,780,1,1,1,4,3,1,3,1,15
R_eDjSEXLbrL9VPqm,17 or younger,"$90,000 - $109,000",1,No,1380,1,5,3,4,2,2,1,3,21
R_1YXouQYSV9Yhawm,17 or younger,"$50,000 - $69,000",2,No,1060,2,1,1,4,2,3,5,4,22
R_aWxeZ890jXCihAG,30-39,"$70,000 - $89,000",None,Yes,1180,1,4,2,5,2,5,1,4,24
R_5cLfc6OHzaYzbTM,17 or younger,"$30,000 - $49,000",4 or more,No,200,3,5,1,4,1,2,1,5,22
R_1BKJUHvIDQ1sFlI,18-20,"$90,000 - $109,000",2,No,1660,3,4,4,1,2,5,4,3,26
R_diNmxfUNNRrigwm,17 or younger,"$0 - $9,999",3,No,220,2,2,2,4,1,5,4,3,23
R_5jLRZyvDLRgNb8y,50-59,"$10,000 - $29,000",3,Yes,760,1,1,2,4,3,5,2,3,21
R_1ENvYr9v0B0UlEO,30-39,"$30,000 - $49,000",2,No,800,3,2,1,5,3,3,3,1,21
R_d6DhS1DO1jis2Wy,50-59,"$90,000 - $109,000",1,No,1840,3,5,1,4,1,4,1,3,22
R_40ZcSjohZe5ECns,50-59,"$0 - $9,999",2,Yes,1220,5,5,4,2,4,5,5,2,32
R_2rQOawha8j3pK6y,30-39,"$0 - $9,999",2,No,1500,4,1,3,3,5,3,1,5,25
R_0jodO8igB865xm6,21-29,"$90,000 - $109,000",None,Yes,940,4,1,3,5,4,3,1,1,22
R_eakpOvYeQpOXqAe,30-39,"$90,000 - $109,000",1,Yes,220,3,2,3,5,3,4,2,3,25
R_4ZW4OzHqzkl4iQ6,18-20,"$50,000 - $69,000",4 or more,Yes,1200,1,5,1,3,2,2,3,4,21
R_9pfxlj7HbBZSaH4,50-59,"$50,000 - $69,000",4 or more,Yes,1660,2,2,1,3,3,1,2,5,19
R_6RqNozu7sRLvptk,17 or younger,"$30,000 - $49,000",3,No,980,3,5,3,2,1,4,3,2,23
R_8HSFaSQl0NuZ2oC,40-49,"$30,000 - $49,000",3,No,1340,3,2,1,2,1,4,1,2,16
R_dcHg8JEDqVQuOTc,60 or older,"$110,000 or more",None,Yes,1900,1,5,4,4,5,1,1,4,25
R_2ogweABGKgB8jTE,40-49,"$110,000 or more",3,No,920,2,2,4,3,1,5,5,3,25
R_cFIkZvJpG3cwBXo,40-49,"$90,000 - $109,000",2,No,1160,5,4,2,1,5,1,2,4,24
R_8HUBpi0OIfgBrVA,18-20,"$10,000 - $29,000",2,No,1720,3,1,1,3,3,1,3,2,17
R_b7taMDSQniirxNI,17 or younger,"$50,000 - $69,000",None,No,20,5,2,5,2,2,2,2,5,25
R_0pmTOBxRYZAryTQ,40-49,"$50,000 - $69,000",None,No,1080,3,3,4,4,2,5,2,3,26
R_eb4hc14QAooAwei,50-59,"$70,000 - $89,000",None,Yes,1380,5,3,1,2,4,1,2,3,21
R_3pUrJD0e1BIsXga,17 or younger,"$110,000 or more",1,No,500,5,5,3,1,1,2,2,1,20
R_aabiqHbU044bUNM,30-39,"$110,000 or more",4 or more,No,140,4,1,1,5,2,1,1,1,16
R_elbX9SQwyCMEpmu,18-20,"$90,000 - $109,000",4 or more,No,1220,1,5,2,3,1,4,2,4,22
R_556l4nqmuD4dfro,18-20,"$110,000 or more",2,Yes,320,5,4,3,5,3,3,5,2,30
R_e8WUMESi6Z66hFk,21-29,"$0 - $9,999",1,No,1400,5,2,2,1,5,4,2,2,23
R_3XlFSGLwkONSzMa,18-20,"$90,000 - $109,000",3,Yes,1400,1,5,4,3,3,3,5,3,27
R_2iaB0OeWMsBXMYm,21-29,"$30,000 - $49,000",1,No,580,3,3,2,3,3,5,4,5,28
R_5dKwshXrEAZACgK,17 or younger,"$110,000 or more",1,No,0,1,2,5,2,5,1,4,3,23
R_8eq2tL9tXb3HBBk,18-20,"$70,000 - $89,000",4 or more,Yes,120,3,1,2,3,4,5,5,5,28
R_4U5Bwmk27Y3boN0,30-39,"$30,000 - $49,000",3,No,1040,3,3,4,1,5,4,4,2,26
R_1LCwX2IRJIQmUDQ,17 or younger,"$30,000 - $49,000",None,No,1840,3,4,3,1,3,5,4,1,24
R_6WqJaMfDI1iBxTE,30-39,"$30,000 - $49,000",None,No,1300,4,2,2,4,4,5,2,4,27
R_d6TbDFPhG52nCRw,21-29,"$110,000 or more",3,Yes,1760,5,5,2,1,3,1,2,4,23
R_0jH2PRziflLqMOW,40-49,"$90,000 - $109,000",None,No,2000,2,3,5,1,5,5,3,3,27
R_9QU2e8GE7G5fnng,50-59,"$10,000 - $29,000",2,No,220,5,1,1,4,3,4,5,1,24
R_efHmuqrf51FLe5M,40-49,"$50,000 - $69,000",4 or more,No,1660,4,5,2,1,5,4,1,4,26
R_bemHJLKHtX2hSqW,30-39,"$0 - $9,999",4 or more,No,1440,4,5,5,1,5,3,2,2,27
R_bswPArlR4A7iotg,17 or younger,"$50,000 - $69,000",2,Yes,540,4,3,5,3,3,1,4,2,25
R_5d4t8JB752D07Gu,21-29,"$10,000 - $29,000",1,Yes,980,1,4,3,2,3,4,5,1,23
R_25nwPih1RcVp8hg,40-49,"$0 - $9,999",None,Yes,1680,4,1,4,2,1,3,1,3,19
R_egM3KHWv1mS95d4,60 or older,"$90,000 - $109,000",2,Yes,700,2,3,1,5,1,1,5,3,21
R_3lYNhXRz1PM7z6K,21-29,"$10,000 - $29,000",None,Yes,20,3,4,1,1,1,2,4,3,19
R_bwTyCVl8kCBQ6yi,21-29,"$70,000 - $89,000",4 or more,Yes,1440,4,2,1,4,2,4,3,1,21
R_6GwPJWmSSgLLPeK,30-39,"$110,000 or more",3,No,2000,2,3,2,3,1,4,1,2,18
R_24vxG2X57CkoVPo,40-49,"$90,000 - $109,000",2,Yes,1040,2,5,5,4,2,5,4,2,29
R_3wMo6ynxaXGq6IC,60 or older,"$30,000 - $49,000",4 or more,Yes,1960,1,1,5,5,3,4,4,2,25
R_3fmLuiTrCkXm7fo,18-20,"$110,000 or more",1,Yes,240,4,4,5,5,3,1,5,2,29
R_41vnEdFsWFaexpQ,17 or younger,"$50,000 - $69,000",3,Yes,280,2,1,4,3,5,4,3,4,26
R_6KK7TdXyjtaoys6,30-39,"$10,000 - $29,000",None,Yes,1140,1,4,5,4,3,2,1,5,25
R_3Rj2Wrfgq4n97FA,60 or older,"$50,000 - $69,000",1,Yes,720,2,5,3,3,2,3,1,2,21
R_bDWT5Cufjf45tXw,50-59,"$10,000 - $29,000",None,Yes,1000,1,3,3,4,2,4,2,2,21
R_0D36sn2HPWdPKuy,60 or older,"$50,000 - $69,000",2,Yes,1380,1,2,5,5,2,3,1,4,23
R_6LjMhJGekNHxRVI,40-49,"$10,000 - $29,000",3,No,980,3,1,4,1,2,4,4,4,23
R_3OD3EtQdjRXcNDM,50-59,"$30,000 - $49,000",2,No,1120,5,2,5,4,5,1,2,4,28
R_7UlLrGn6rDtFHKu,17 or younger,"$70,000 - $89,000",4 or more,Yes,880,1,5,3,1,2,1,4,2,19
R_5zI5C1ikPxr9rEO,30-39,"$30,000 - $49,000",2,No,1060,4,3,4,3,4,2,4,2,26
R_0VTrcUIwjqvFc46,21-29,"$50,000 - $69,000",4 or more,No,1520,3,2,4,4,5,3,4,4,29
R_aVP3gsS45Jkk0p8,30-39,"$90,000 - $109,000",4 or more,No,1500,2,3,3,3,5,2,3,5,26
R_8AJa15OXnKL9OL4,40-49,"$90,000 - $109,000",None,No,900,1,5,4,2,5,1,2,4,24
R_6DqV2VePwFZPD0y,21-29,"$0 - $9,999",3,No,1160,5,2,3,5,2,3,2,5,27
R_d9UNrOOcphnFYFM,21-29,"$70,000 - $89,000",2,No,1240,4,2,4,5,2,3,2,1,23
R_9BupewQZBpRpN5Q,50-59,"$10,000 - $29,000",1,Yes,320,1,4,5,5,5,5,1,4,30
R_bOZVTzcXdEtu2I6,17 or younger,"$70,000 - $89,000",4 or more,Yes,780,4,4,4,1,3,3,2,3,24
R_3b1r9WePokfDjOS,50-59,"$90,000 - $109,000",3,No,1980,5,3,2,3,2,4,2,1,22
R_d7sLon0WKQH5pe6,18-20,"$70,000 - $89,000",1,No,480,4,1,2,5,1,3,3,3,22
R_9tMVhMyUtvwXDG6,21-29,"$70,000 - $89,000",3,Yes,1580,2,3,4,2,3,4,3,3,24
R_d1mGHVPYpMbylWm,18-20,"$50,000 - $69,000",None,No,840,5,3,3,3,5,2,2,2,25
R_cPhNuXeqTIB9awC,30-39,"$10,000 - $29,000",4 or more,Yes,1920,2,4,4,2,2,4,3,1,22
R_6hsnFDqJ4elFJsi,60 or older,"$90,000 - $109,000",2,No,1280,4,5,5,5,4,3,2,4,32
R_6YENNLHguZ693Cu,18-20,"$90,000 - $109,000",4 or more,Yes,1780,3,5,2,1,4,5,2,2,24
R_cIMMEhIKLlDcnZ4,40-49,"$70,000 - $89,000",2,Yes,800,3,1,3,2,1,4,2,4,20
R_78qTyZd3YjY7gea,50-59,"$50,000 - $69,000",2,Yes,2000,3,1,3,3,5,4,5,2,26
R_9WR2kijaMXBZxQO,30-39,"$30,000 - $49,000",2,Yes,1860,5,1,2,5,5,4,1,2,25
R_b7P4O1Lm355G8JM,18-20,"$10,000 - $29,000",2,Yes,1220,3,4,4,3,2,3,4,1,24
R_56kE1JOnZnuCvCm,40-49,"$110,000 or more",None,Yes,240,4,4,4,1,3,4,3,4,27
R_1NRSIE6v7wBB73o,17 or younger,"$110,000 or more",4 or more,Yes,1200,5,2,1,5,5,5,2,3,28
R_6RawQDbKj9fh59c,17 or younger,"$30,000 - $49,000",2,No,1460,3,2,4,4,1,2,5,3,24
R_d6XniDlZGCG3qWq,21-29,"$30,000 - $49,000",2,No,1980,4,4,4,2,1,5,2,4,26
R_72QRMMeXR9bhAoK,21-29,"$70,000 - $89,000",1,Yes,1500,2,2,2,3,5,1,1,2,18
R_8uffzqE8liZh0Bo,21-29,"$70,000 - $89,000",1,Yes,20,2,5,5,5,2,4,5,5,33
R_9LALt0CvEfHy6oK,60 or older,"$70,000 - $89,000",2,Yes,1860,1,3,5,2,3,4,1,1,20
R_2gxLSwGkJRqOvps,30-39,"$110,000 or more",4 or more,Yes,980,4,5,3,1,4,4,5,1,27
R_832fwWx35y2iLr0,60 or older,"$70,000 - $89,000",2,No,1960,2,2,1,5,4,3,1,4,22
R_0vmErYInhzoSqUK,60 or older,"$110,000 or more",1,Yes,40,1,2,5,1,4,5,3,3,24
R_3POW1EZW5wQWERM,21-29,"$110,000 or more",4 or more,Yes,1280,1,3,3,2,3,5,1,2,20
R_7UTSISZFqY0XodE,40-49,"$0 - $9,999",None,Yes,800,1,4,5,2,3,1,4,5,25
R_bJCb9Kdubz1LYmq,21-29,"$10,000 - $29,000",2,Yes,1760,4,5,3,2,4,5,5,4,32
R_eQzTsjb6vMtxFtA,30-39,"$0 - $9,999",4 or more,Yes,1260,3,3,3,3,3,4,4,4,27
R_0HQUv2ZDEqzNJrM,40-49,"$10,000 - $29,000",None,No,120,2,4,1,5,1,2,5,1,21
R_6m0RbcHSR3NFeHc,21-29,"$110,000 or more",2,No,1560,1,2,1,1,2,2,1,1,11
R_b2YDKSxgPj0aNmK,50-59,"$10,000 - $29,000",None,No,1000,5,2,1,2,5,5,1,1,22
R_6Jf6b8EIlFVf9ky,18-20,"$110,000 or more",3,No,1960,2,4,1,2,4,3,4,5,25
R_3HO7STwK5Z0FaV8,50-59,"$0 - $9,999",2,Yes,520,1,3,3,3,4,1,2,4,21
R_ahZSZhp0sIRuDMW,21-29,"$110,000 or more",None,Yes,1640,5,2,1,2,1,1,3,3,18
R_1zit8DkEjJH0vRQ,60 or older,"$70,000 - $89,000",4 or more,Yes,1320,2,3,4,3,4,2,5,5,28
R_9v1fNoPwV2tQTdA,50-59,"$70,000 - $89,000",3,Yes,1000,2,2,2,5,2,3,3,2,21
R_0jo0XtiyBXjJgqy,40-49,"$110,000 or more",4 or more,Yes,1840,5,1,3,1,5,4,2,3,24
R_73eoCml6cLltUsC,21-29,"$50,000 - $69,000",1,No,20,2,5,4,4,3,4,1,2,25
R_3ZP2aqJhzS22OZU,17 or younger,"$90,000 - $109,000",None,No,180,1,2,5,5,2,3,1,3,22
R_a4PzWJMAXC0XN5Q,60 or older,"$30,000 - $49,000",2,No,1240,5,2,2,2,2,4,1,2,20
R_02IrP6jUwyglT9Q,60 or older,"$10,000 - $29,000",4 or more,Yes,520,3,4,3,4,2,1,2,4,23
R_b8BrsSCjStvGYia,18-20,"$10,000 - $29,000",4 or more,Yes,1860,4,4,1,4,5,3,5,4,30
R_5A0Ef3wdUl5m6fs,21-29,"$0 - $9,999",4 or more,Yes,1460,1,2,2,1,2,1,2,2,13
R_8tR1riOHGZBgmZ8,18-20,"$110,000 or more",2,Yes,1140,4,4,4,1,2,2,2,2,21
R_1SmQfs0tMLzIAm2,30-39,"$50,000 - $69,000",3,No,1800,4,3,3,3,2,3,1,3,22
R_2n6vyTMfkc0A7hY,30-39,"$50,000 - $69,000",3,Yes,1800,4,2,2,1,3,2,3,1,18
R_8q2wR02aTHqefiK,18-20,"$90,000 - $109,000",2,Yes,280,5,3,4,2,4,2,1,1,22
R_2fnVg7cwiAmqrP0,18-20,"$50,000 - $69,000",4 or more,No,420,1,3,5,2,4,1,3,2,21
R_agfSiC3usRMQ5Dg,21-29,"$50,000 - $69,000",3,Yes,940,1,5,2,1,4,4,4,5,26
R_bvzUqBkCGm8nHSe,50-59,"$70,000 - $89,000",2,Yes,2000,1,2,2,2,2,5,4,4,22
R_3PolYG3b9RCeet8,50-59,"$30,000 - $49,000",1,Yes,1380,1,5,1,3,2,4,4,1,21
R_a2C7YOrzmbIc5tY,18-20,"$70,000 - $89,000",3,Yes,360,1,4,3,1,5,4,2,4,24
R_emTzJXpb3hCtjim,40-49,"$70,000 - $89,000",None,Yes,320,5,3,3,1,4,3,1,1,21
R_a4v0xMPLjYdUqh0,18-20,"$110,000 or more",2,Yes,360,3,4,5,1,1,4,3,4,25
R_1RAxu0zoWDjltYO,17 or younger,"$70,000 - $89,000",3,No,1780,1,4,1,2,3,2,1,2,16
R_4NKwkzhVh9B9iTk,18-20,"$10,000 - $29,000",None,No,640,3,1,3,2,4,1,2,1,17
R_3yHt0UgirLbt2Um,21-29,"$10,000 - $29,000",None,Yes,1480,1,4,5,5,4,2,5,4,30
R_50ftk9BGS74pbxk,50-59,"$0 - $9,999",1,Yes,200,1,2,2,1,1,4,2,1,14
R_4SoRqSqRB2svlA2,60 or older,"$70,000 - $89,000",3,Yes,1520,5,2,1,3,3,2,1,2,19
R_ablqKoU9v27Znim,40-49,"$110,000 or more",4 or more,Yes,840,1,4,3,1,1,1,1,3,15
R_8q6MdhKW7ProS0K,40-49,"$0 - $9,999",1,Yes,1740,1,5,5,1,3,4,1,5,25
R_0f8ZPGt7s8AHaZ0,21-29,"$90,000 - $109,000",1,Yes,1220,1,3,1,2,4,4,5,1,21
R_a5GdSmdgJMo2PbM,17 or younger,"$70,000 - $89,000",4 or more,No,1720,5,2,5,1,1,5,5,3,27
R_2rgVHpcnwnQsgNU,40-49,"$10,000 - $29,000",1,Yes,300,4,3,1,1,5,2,1,1,18
R_2hNUslSXUst5XYW,50-59,"$90,000 - $109,000",3,Yes,140,1,3,5,4,2,1,4,3,23
R_ensUu8c6hXfeQSi,60 or older,"$110,000 or more",None,Yes,200,1,5,3,1,3,4,2,2,21
R_5hxZFWJ9mH7FG3I,40-49,"$30,000 - $49,000",None,No,1080,3,1,3,1,2,3,2,1,16
R_6KJmv2ipuYeHDYG,40-49,"$90,000 - $109,000",2,No,300,2,3,1,4,1,5,2,5,23
R_cYZoxZjMTKJ8dLM,30-39,"$10,000 - $29,000",1,No,120,1,1,1,2,3,3,5,5,21
R_4IqmKEaUxDX4usC,40-49,"$0 - $9,999",None,No,2000,4,3,2,1,5,2,5,1,23
R_bJVwKlHbEtyPGya,40-49,"$50,000 - $69,000",4 or more,No,1840,4,3,4,3,3,2,3,4,26
R_b9NPaT6IlhcytgO,18-20,"$90,000 - $109,000",4 or more,Yes,1080,1,4,1,3,2,1,5,2,19
R_42b7B9CXt2U7vJI,17 or younger,"$30,000 - $49,000",2,Yes,600,3,4,4,1,1,4,3,1,21
R_cXQEKi4clD55HJY,21-29,"$110,000 or more",1,Yes,1320,5,2,5,4,2,1,1,3,23
R_bg6WwqhVOjNc6sC,50-59,"$110,000 or more",2,Yes,700,3,2,4,2,1,3,5,1,21
R_brA4N4JaYJG69CK,21-29,"$30,000 - $49,000",1,No,800,3,1,2,4,2,2,4,1,19
R_26p0MH0Gb0lM0rY,40-49,"$90,000 - $109,000",2,No,1360,1,1,4,5,1,2,5,3,22
R_5AT42Rc4cw7egS2,18-20,"$0 - $9,999",4 or more,No,1360,2,1,3,5,1,4,1,3,20
R_88rTIvyEmtvCHxc,50-59,"$30,000 - $49,000",None,No,20,4,2,3,4,5,5,1,3,27
R_6yYlz91XYYvvrVA,30-39,"$90,000 - $109,000",4 or more,Yes,1180,4,5,5,3,1,3,5,2,28
R_agdbJrR5upQt68m,18-20,"$30,000 - $49,000",4 or more,No,460,4,1,3,3,2,2,1,4,20
R_cUVvdhl6ahqoasC,50-59,"$0 - $9,999",None,No,1900,4,3,3,1,5,3,3,2,24
R_1TWafh0Z01atUuq,21-29,"$10,000 - $29,000",4 or more,Yes,1440,3,4,4,1,5,2,1,3,23
R_cNmRFIZjxqr5PLw,40-49,"$110,000 or more",None,Yes,60,4,1,3,5,2,2,4,3,24
R_72vrOi2PIgxr8qO,18-20,"$10,000 - $29,000",None,No,1300,3,2,1,2,1,3,3,2,17
R_0eN2FgkX1w7q87A,18-20,"$0 - $9,999",2,Yes,560,1,1,5,5,3,3,3,2,23
R_8uY1BZ8DoMdZaMC,18-20,"$0 - $9,999",3,No,1760,5,1,2,1,2,1,3,2,17
R_9nREeJw5ZdBs8f4,17 or younger,"$30,000 - $49,000",2,No,1440,5,3,3,5,2,4,4,4,30
R_2ipBh1yjcoOZJwG,17 or younger,"$0 - $9,999",4 or more,Yes,540,3,3,2,1,3,4,1,3,20
R_ePtJONVP8HeABAG,60 or older,"$10,000 - $29,000",2,No,180,4,2,1,1,2,2,1,2,15
R_02Oteo5CoUbb9k2,30-39,"$10,000 - $29,000",2,Yes,1620,5,5,2,4,1,2,1,4,24
R_eRuEQHz4ibK39Cm,17 or younger,"$10,000 - $29,000",2,Yes,40,2,5,5,5,4,2,3,4,30
R_6r5cCLk1HtjvtkO,30-39,"$10,000 - $29,000",4 or more,No,1540,1,4,5,1,2,3,2,4,22
R_6saUCb0xAFmzqSO,18-20,"$90,000 - $109,000",4 or more,Yes,820,3,4,2,2,2,1,3,5,22
R_4VB8MPja4G0vWvA,60 or older,"$70,000 - $89,000",3,No,460,3,5,2,3,2,5,4,2,26
R_8cdOj4mYxmke1cq,40-49,"$70,000 - $89,000",3,No,360,1,2,2,3,4,1,4,2,19
R_29agxBmaMUFScu2,21-29,"$70,000 - $89,000",None,Yes,20,3,5,2,5,4,5,4,4,32
R_6nfIgyyMdEdtSyq,60 or older,"$30,000 - $49,000",3,Yes,920,4,4,1,5,5,2,4,5,30
R_50WKnwbBWypvATs,18-20,"$70,000 - $89,000",None,No,1960,3,3,2,5,5,4,3,5,30
R_bdOFxFGZOjpJphc,21-29,"$90,000 - $109,000",None,Yes,1200,5,1,4,2,1,1,2,2,18
R_e9FyZyAoE7Bejxc,60 or older,"$90,000 - $109,000",3,No,1000,3,3,2,4,1,2,2,1,18
R_cwgJXtmbjeA3VUW,30-39,"$50,000 - $69,000",3,No,1060,2,4,1,4,1,1,2,3,18
R_8uAEB7XvkMaitOS,21-29,"$110,000 or more",2,Yes,1500,4,3,3,2,3,5,5,5,30
R_3La7ZakgyoBPzU2,21-29,"$30,000 - $49,000",2,No,900,5,5,3,4,3,2,2,5,29
R_9pBsr8hBZwNAPR4,30-39,"$90,000 - $109,000",2,No,580,1,3,2,2,4,3,4,1,20
R_9mY1dDOF054qF9Q,17 or younger,"$70,000 - $89,000",1,Yes,2000,2,1,5,2,4,2,3,5,24
R_0xnKLVBtArB3Duu,18-20,"$30,000 - $49,000",4 or more,Yes,1060,5,3,1,1,3,1,3,3,20
R_d0wlLXtBQNN98kS,18-20,"$110,000 or more",None,Yes,480,3,2,2,4,3,5,5,1,25
R_6FmX9lgh9DoHYTc,21-29,"$30,000 - $49,000",4 or more,Yes,700,5,2,4,5,5,3,5,5,34
R_3kNqLfxL8bcrpEW,50-59,"$110,000 or more",1,No,740,2,5,1,4,1,3,4,5,25
R_3qmSfbAft4fQE4K,18-20,"$70,000 - $89,000",1,No,1740,4,2,4,4,4,4,5,3,30
R_6Rv1Hcryac9zUoK,40-49,"$0 - $9,999",None,No,860,1,1,2,4,2,3,1,4,18
R_9SvJ5XfJBED8GIm,21-29,"$50,000 - $69,000",None,Yes,440,1,4,5,2,3,4,4,2,25
R_9LI0UsOEc7tiVJI,18-20,"$0 - $9,999",2,No,1980,5,5,3,2,4,1,2,3,25
R_0ivLcNPOkzetNci,50-59,"$10,000 - $29,000",4 or more,No,1320,1,2,3,1,2,3,1,4,17
R_b91BDBqe8g7xLSu,21-29,"$70,000 - $89,000",3,No,1040,5,2,4,3,4,5,2,1,26
R_eSdwdo29cugvmpE,21-29,"$10,000 - $29,000",1,Yes,1280,1,1,1,4,2,1,3,4,17
R_0BQX9O77qVgueKa,50-59,"$10,000 - $29,000",2,No,1520,5,5,5,4,2,3,5,5,34
R_3Kvvl1m843FVhI2,60 or older,"$30,000 - $49,000",None,Yes,1600,5,1,4,2,4,3,2,1,22
R_age2zhND2ElZI10,40-49,"$70,000 - $89,000",1,Yes,1040,3,4,1,4,1,1,2,2,18
R_e3gXpFdKMyWxHKK,30-39,"$90,000 - $109,000",4 or more,Yes,1860,1,3,3,2,1,2,1,5,18
R_afVbGQxHnPzy80S,17 or younger,"$50,000 - $69,000",4 or more,Yes,1080,5,1,3,1,5,3,2,1,21
R_7QkOXTL8jTCNqC2,21-29,"$10,000 - $29,000",None,No,1900,1,5,1,2,5,2,3,5,24
R_erme02vtApm4cXY,18-20,"$110,000 or more",3,Yes,1880,5,3,1,4,1,4,1,1,20
R_b8gukHBnO90v5P0,17 or younger,"$110,000 or more",2,Yes,780,5,2,1,1,4,3,5,3,24
R_5itmRALTkrrT54O,30-39,"$10,000 - $29,000",None,No,300,4,1,5,2,1,1,1,1,16
R_d3YfDe6uaCS2BQq,17 or younger,"$30,000 - $49,000",1,No,1760,4,2,5,1,4,2,1,3,22
R_8w9hhh6PhqKgNjo,18-20,"$10,000 - $29,000",4 or more,No,1940,3,3,1,5,2,3,2,1,20
R_cZLKtOvJrPGGaNw,50-59,"$50,000 - $69,000",4 or more,Yes,480,4,5,2,3,5,1,4,2,26
R_4IPb5dbudaGKRue,30-39,"$90,000 - $109,000",4 or more,No,1100,5,1,3,4,4,3,3,1,24
R_ddwujO6SMra2nZ4,60 or older,"$0 - $9,999",3,Yes,1180,4,1,1,2,4,3,1,4,20
R_2sfN6NSQpb9ZsCG,60 or older,"$10,000 - $29,000",None,Yes,260,3,5,1,2,3,4,1,5,24
R_d4FSCqfnGpeKIm2,17 or younger,"$50,000 - $69,000",2,No,1680,4,3,5,2,4,5,5,1,29
R_8BrJCifnWpe9PW6,40-49,"$110,000 or more",None,Yes,1380,2,4,4,4,1,5,4,3,27
R_0exN7g7POeksB8O,30-39,"$110,000 or more",1,Yes,1700,1,1,5,2,4,2,2,5,22
R_08u37HESN6FBQaO,60 or older,"$90,000 - $109,000",4 or more,Yes,2000,3,4,1,2,1,2,2,4,19
R_etYfGtMCC1NY6YC,30-39,"$50,000 - $69,000",1,Yes,480,2,2,1,5,1,2,3,5,21
R_dajNBQ7TYcDAVO6,50-59,"$0 - $9,999",3,Yes,1120,2,2,3,1,5,3,3,3,22
R_0PVyRueW0pDbEA6,60 or older,"$70,000 - $89,000",3,No,1860,4,5,1,2,1,5,5,2,25
R_0qfQTraQ71iPUCq,40-49,"$110,000 or more",4 or more,No,100,5,1,4,2,1,1,4,1,19
R_8qVE3tPEEXN4KRU,17 or younger,"$10,000 - $29,000",1,No,1980,1,4,4,5,1,2,1,5,23
R_2t2bz2L8BZdi6Tc,30-39,"$10,000 - $29,000",1,Yes,1540,3,2,3,3,4,4,5,1,25
R_bmzBovclYusdGzs,18-20,"$10,000 - $29,000",None,Yes,220,1,3,2,5,3,2,5,3,24
R_a2yZqn15SE3aKjA,17 or younger,"$90,000 - $109,000",3,Yes,1720,4,4,4,4,2,4,4,4,30
R_3ldH8dQF5fnA4S2,17 or younger,"$30,000 - $49,000",4 or more,Yes,440,4,3,4,4,1,4,3,1,24
R_1ReLjzIIEebiL9c,17 or younger,"$110,000 or more",4 or more,Yes,1400,1,3,4,1,1,1,4,5,20
R_5ihbTUIGVuQNTGm,30-39,"$90,000 - $109,000",1,Yes,1360,5,2,4,2,4,4,1,1,23
R_eUHjid5LAMP2oqa,50-59,"$110,000 or more",None,Yes,1140,2,2,4,3,3,4,3,4,25
R_3l86WmbUSObac6i,30-39,"$90,000 - $109,000",1,Yes,280,1,5,2,4,1,4,3,2,22
R_5nF3CjhGgCG0ixM,30-39,"$110,000 or more",2,Yes,920,1,2,1,3,3,1,1,1,13
R_8v8CEYam4caWjnE,30-39,"$50,000 - $69,000",2,Yes,1160,3,1,2,1,3,5,4,5,24
R_b7XsDfGyE88Mdh4,40-49,"$30,000 - $49,000",None,Yes,160,5,2,2,1,5,2,5,4,26
R_2uB1ZDCDbD4Itng,40-49,"$30,000 - $49,000",3,No,1160,1,4,3,2,5,5,3,5,28
R_40Ly3W1l5XNsqTc,60 or older,"$50,000 - $69,000",1,Yes,180,4,3,2,2,1,2,3,4,21
R_2i5gzm92SHFAfeC,30-39,"$70,000 - $89,000",2,Yes,1640,2,1,1,3,2,5,3,1,18
R_6JsqC2McvlT6VFA,30-39,"$50,000 - $69,000",3,Yes,100,3,3,5,3,3,5,4,5,31
R_cT6T95u0Ui4RmHY,60 or older,"$90,000 - $109,000",1,No,1060,3,2,2,3,2,5,4,5,26
R_01DoKGe9nTogUgS,30-39,"$90,000 - $109,000",3,Yes,20,5,5,3,2,5,2,2,2,26
R_3wywXq1nXMkZQRo,30-39,"$110,000 or more",3,Yes,440,4,1,3,4,1,3,2,5,23
R_080YTzsRguZfgVM,60 or older,"$70,000 - $89,000",None,No,1880,1,4,2,2,3,5,1,4,22
R_dbt2qLT3KzZBwDs,60 or older,"$30,000 - $49,000",2,No,1040,4,4,5,3,4,5,3,5,33
R_5u7if5qbfhnWkya,50-59,"$70,000 - $89,000",4 or more,No,1540,5,3,4,3,1,2,1,1,20
R_cYdaIdepLPiElGm,40-49,"$10,000 - $29,000",2,No,1300,2,3,4,5,4,5,1,3,27
R_2mDtrvSY0nloJJc,17 or younger,"$0 - $9,999",None,No,1680,2,5,2,1,4,2,2,1,19
R_6rEvoEw7EP8HZWe,50-59,"$50,000 - $69,000",1,No,1200,3,4,5,5,5,1,4,5,32
R_cI0lo0rTG6lQlW6,21-29,"$110,000 or more",None,Yes,780,4,2,5,1,2,5,2,4,25
R_4NJuRDImhjAXZNY,60 or older,"$90,000 - $109,000",None,No,260,3,4,1,3,1,3,1,2,18
R_9sFQzFZcfLQkYwC,60 or older,"$50,000 - $69,000",4 or more,Yes,1020,1,5,3,1,3,4,1,5,23
R_37TRBcJE6TjXdtA,21-29,"$70,000 - $89,000",2,Yes,1560,5,1,5,3,5,1,3,2,25
R_8bMygiQFJN1NMuG,18-20,"$30,000 - $49,000",4 or more,No,1660,2,1,4,4,3,1,2,4,21
R_71cqwhEewvyImxw,18-20,"$110,000 or more",3,Yes,1900,3,2,1,1,2,2,5,3,19
