,ResponseId,Q1,Q2,Q3,Q4,Q13,Q5,Q6,Q7,Q8,Q9,Q10,Q11,Q12,AI Trust Score
1,R_6syddYFXXoo59eS,1,7,2,1,60,3,2,4,2,5,1,4,3,24
2,R_dgmioP3JvmUcNNk,3,2,0,1,900,3,5,1,4,2,2,5,3,25
4,R_cMg4kVZ2wG5jUx0,4,3,2,1,1320,4,1,5,5,4,5,4,5,33
6,R_08scWtxY8agM44e,6,6,0,1,260,1,1,4,3,1,2,2,5,19
8,R_6mUunrYbSWfVjO6,3,7,0,1,440,3,2,1,2,2,2,4,3,19
9,R_80uO815LNZ6VTYW,2,1,0,1,200,5,4,3,3,5,2,1,2,25
10,R_czH5QvmNKN3qzau,6,7,1,1,960,1,2,4,4,2,2,5,5,25
13,R_2mkUoY1kTKFyiDs,1,1,4,1,1240,2,1,3,3,4,5,1,2,21
15,R_cSWsWHhpz661pl4,1,1,1,1,1700,1,3,4,1,4,4,4,1,22
16,R_6EF5snSGw4noUGq,5,4,3,1,580,5,5,1,2,4,1,4,3,25
17,R_87zOfWKBuUVhXXo,2,2,4,1,160,4,5,4,1,2,5,4,3,28
19,R_aftFLLB6RZisPb0,1,2,4,1,1820,5,2,1,2,1,2,5,5,23
20,R_8kbIAupZz2xBSiW,4,3,3,1,780,1,4,2,3,4,4,2,5,25
23,R_0IXoDys97b7uNBY,1,6,3,1,1120,1,2,1,2,5,4,3,3,21
25,R_6gLr0xyyXHrHllQ,6,2,0,1,1080,5,3,2,2,3,4,1,2,22
26,R_6KzWUktQX2ngWkC,5,5,4,1,960,4,3,3,2,2,3,1,3,21
27,R_25zhZxcmYREUKeq,7,1,3,1,1620,5,3,1,3,2,2,3,4,23
28,R_engLNoaHYZhyGnY,1,1,4,1,60,1,4,1,3,1,3,4,3,20
31,R_cJ7yNBJGMINPD7g,5,1,0,1,20,4,3,4,4,1,5,5,1,27
32,R_57jjcrTqqp5Ue90,5,5,0,1,1380,5,2,2,4,1,5,5,2,26
34,R_eeXAEDEOloS1NRA,2,7,3,1,1140,5,4,4,5,3,3,3,4,31
35,R_37O2qDFomeUMObA,2,4,0,1,200,3,3,4,1,3,1,4,3,22
37,R_0TzZAkuqvqbJMEu,2,7,2,1,200,5,5,1,1,2,4,3,4,25
39,R_74hmF9SHqNEEI6i,4,5,2,1,40,4,2,1,2,3,3,3,2,20
41,R_7WdMAfiiweIdBxI,1,1,0,1,100,2,3,2,5,2,1,1,2,18
44,R_77CIN9OGMrso4Um,2,7,0,1,760,4,5,5,2,1,3,1,4,25
45,R_3xTxIQVToK1eSh0,6,2,2,1,1680,3,4,1,1,3,4,3,5,24
46,R_5thFWehB6VencO2,5,2,3,1,660,1,5,5,4,2,3,5,4,29
47,R_74LMxphKoSfGUiW,7,7,0,1,1880,4,1,4,1,2,2,2,2,18
50,R_eg7vybskYvL77GS,5,7,3,1,1580,1,2,1,3,1,4,3,3,18
55,R_0psFTZEwQMEd0hw,6,2,3,1,1440,1,5,1,3,2,4,4,1,21
59,R_0wxt96PChfkL64u,5,3,4,1,420,3,3,2,2,5,1,1,5,22
60,R_7OQx8qcTkp45KFU,7,5,4,1,1840,1,3,4,1,3,2,2,5,21
64,R_8qB2eqpt1zOFM9M,5,6,4,1,1620,1,4,2,4,5,2,2,1,21
69,R_0xLI1moiaJHrWQu,3,2,0,1,880,2,5,3,1,5,4,2,1,23
70,R_6JPJqC9iyEWRmey,5,1,3,1,1380,2,3,4,4,4,5,1,4,27
71,R_4IApMnmdmPj2ihM,4,6,0,1,460,4,2,1,4,3,5,2,4,25
72,R_bfkJpX2hHkmjEOi,2,7,3,1,1080,1,2,3,3,5,4,5,5,28
73,R_0SvRTfZMeJpvrXE,4,6,1,1,660,5,1,2,4,1,4,1,1,19
74,R_55CxI1ax3ogZSxE,1,1,0,1,2000,4,5,5,1,5,1,4,2,27
75,R_2cb5q9Hy8UzfTbo,6,5,0,1,520,5,4,4,4,3,3,4,2,29
78,R_4GFFzYd9NGdi6Hk,3,3,1,1,360,3,4,4,1,4,4,4,1,25
79,R_bCNNYceXHtNVY6a,7,4,4,1,1760,4,3,1,5,5,4,4,5,31
81,R_behEU2J8r4IfeDA,3,2,2,1,1900,5,1,1,2,4,5,1,1,20
82,R_cOL9R3JKnwaQxW6,7,6,0,1,2000,1,5,2,4,5,1,5,2,25
90,R_eUQxLxvhc6PxywC,6,1,0,1,1840,2,1,1,5,1,3,1,2,16
91,R_e3yqhQvj0aerwPQ,1,5,2,1,80,3,2,2,1,4,5,3,5,25
95,R_0GRv94E23h9aYTQ,4,7,3,1,960,5,4,4,1,3,5,1,2,25
97,R_ey9SdnXiXarw6p0,6,2,4,1,500,2,3,2,3,2,3,2,5,22
100,R_b8vAcrylShjtOuy,2,2,0,1,1460,3,2,3,1,3,5,5,4,26
101,R_2mdlOXhgkctEvUW,5,6,3,1,1480,1,2,5,1,5,5,4,5,28
102,R_85QuqXZKJlXSSIS,2,2,1,1,100,4,1,5,4,3,2,5,1,25
105,R_bqqyvXtkCRrHWpE,1,7,1,1,1600,3,2,4,4,2,5,2,5,27
107,R_e2wvwIlLw8KUlTg,7,3,0,1,1440,5,2,5,4,5,3,4,5,33
113,R_0OpOOzSB2V3TDXo,5,6,1,1,320,4,5,4,4,2,3,5,5,32
114,R_eEyaljAe4uV8CxM,7,7,0,1,1160,5,2,2,4,2,3,5,2,25
116,R_88Gwc2RDnYqLk4C,5,4,2,1,1340,3,5,4,1,2,1,4,3,23
120,R_5pqBjvUDPvz8AyW,2,2,0,1,100,5,3,2,3,2,2,5,2,24
122,R_a97SWQRsAVW3UgK,1,6,3,1,560,2,5,3,5,3,1,2,5,26
124,R_2rSSb9JQ9J5wrNs,1,1,4,1,1760,4,3,4,3,1,3,4,1,23
126,R_0cgqH5rx78KmBCu,3,4,1,1,1420,3,5,5,3,4,1,2,5,28
127,R_8uMMfwy3hRLM7no,6,6,4,1,1300,2,5,3,1,2,4,3,5,25
130,R_6s9vqnafo8Hr8EK,7,2,4,1,500,5,2,1,2,2,2,2,1,17
132,R_40cNRZZZS6IsboW,1,1,1,1,1960,3,2,2,2,1,3,3,3,19
138,R_0Ujmpnrp5AFxZj0,2,3,2,1,920,1,1,4,5,4,3,5,3,26
141,R_bgwY27RsL9TKRsq,3,3,2,1,1580,4,2,3,2,4,1,1,1,18
149,R_bk1SxU230aRRcWO,4,6,3,1,580,3,1,5,3,1,2,3,1,19
151,R_bI3p5BwmNSxrPEy,4,7,3,1,1500,5,5,5,1,4,3,3,1,27
152,R_5pCOgeHD3bBgr0W,7,5,1,1,1400,5,2,5,2,1,4,4,5,28
158,R_6tXnA1hmm1EDD4q,5,3,3,1,340,2,5,3,4,2,5,2,3,26
159,R_07gVpKbri9Gtgz4,4,5,2,1,1880,5,4,4,5,4,5,4,5,36
165,R_7WB06s4tPzdr5yK,4,5,2,1,1200,1,4,1,5,3,1,2,1,18
166,R_cuyxgci7Zs83Qoe,6,2,1,1,420,5,3,5,2,2,4,4,5,30
170,R_d4FnBp1kmJXOUyW,3,1,2,1,680,3,1,2,5,1,3,1,2,18
174,R_eUQ9GsFlhFTMqP4,3,3,3,1,1980,2,2,5,5,3,1,5,5,28
175,R_cw2PRYW13GlxPOC,3,6,3,1,60,2,5,5,2,3,4,3,2,26
176,R_267bL5htgCv8iaO,4,1,2,1,1920,2,1,3,3,1,2,3,4,19
177,R_8eIWPtDNZWK5L9Q,2,1,1,1,200,1,5,5,3,1,4,3,1,23
178,R_0Um2hO3bjtynngi,1,6,4,1,0,2,4,4,4,1,3,2,2,22
180,R_0CaX5HdzDaWS4hU,6,3,3,1,580,5,2,4,1,5,5,5,2,29
185,R_56nA3kAeybZWAUm,7,6,4,1,80,5,3,1,4,3,1,2,3,22
186,R_byMTFjBKmeC4Zi6,1,6,1,1,240,3,3,4,4,2,1,2,3,22
192,R_3RjTq3hCfKKsaOi,4,4,4,1,20,1,3,1,5,5,2,3,4,24
193,R_862qWaETyCuN4I6,1,1,2,1,220,4,5,1,1,4,5,1,1,22
194,R_cOqQcuH6eXHMG9M,7,2,3,1,1880,1,3,5,3,4,1,1,2,20
195,R_7TBiLAo4bLIarUa,1,2,3,1,1940,3,1,4,2,1,2,1,3,17
196,R_blrIu5S6K7S5tBk,5,3,1,1,1120,2,3,5,3,1,2,1,1,18
198,R_6xnVwhcchPfjmjI,2,7,3,1,980,4,5,3,2,1,3,2,1,21
201,R_3g7kd8Ruyh4FBPg,1,4,0,1,1140,4,2,5,2,4,2,3,3,25
205,R_0qrMFwhWqnRX2pE,7,7,1,1,1580,2,4,2,4,3,2,2,5,24
207,R_9T728EWmjHR0AgS,4,1,3,1,1020,3,2,5,5,1,1,5,4,26
208,R_6gu3mocDeYqoAPc,7,3,2,1,1040,3,4,3,3,5,2,2,4,26
209,R_6sO8KvvLdpRSc3I,4,6,0,1,1800,1,1,2,1,5,5,5,5,25
212,R_8vrhyrr0vMJoEke,6,5,4,1,1720,4,4,5,1,5,4,1,2,26
214,R_6sxKWvcZ0JXJJLo,5,2,0,1,240,5,5,4,1,3,4,2,4,28
215,R_7WDJQhS1Um43gWy,1,1,3,1,620,3,4,1,5,3,1,5,1,23
216,R_00X6xeGrQSDW1VA,6,1,1,1,1380,2,2,5,4,1,1,3,3,21
220,R_3yFO1LdwouiLPYq,6,3,3,1,1000,1,5,5,3,5,1,2,2,24
223,R_b8Af38E9zP7Z0c6,3,5,1,1,960,3,1,5,5,1,3,4,1,23
224,R_8CDz030PcsPqkDQ,2,5,4,1,620,2,1,5,3,3,5,1,3,23
226,R_25ZS3cYaHa447j0,1,5,1,1,620,1,5,5,1,3,1,3,3,22
236,R_efE3lM1geIPAHvo,1,1,3,1,500,1,2,5,3,5,4,3,5,28
237,R_eX2huzNvNJsCR7w,2,2,3,1,1840,3,5,1,3,1,3,5,2,23
239,R_bgbk1EhnWFDKIw6,6,6,0,1,660,1,1,5,5,3,2,4,4,25
240,R_cNiz2npOlIKGxmK,5,4,0,1,1440,1,4,2,3,3,3,1,2,19
241,R_dhXAIa8dnFarNf8,7,4,3,1,1600,4,5,3,1,1,4,4,2,24
245,R_4NkV7HCiWrv088S,6,5,0,1,1140,1,4,4,3,1,1,5,2,21
247,R_4HCcGXN6zTYbNhI,1,6,3,1,960,2,5,4,5,5,3,2,3,29
248,R_d509zQ51vBoo9Zc,5,5,4,1,220,5,2,1,5,5,1,4,2,25
249,R_bjc7YH5A064nSIe,1,3,3,1,400,2,1,4,2,2,5,4,2,22
250,R_87jhNa8W3XXqs2G,2,5,1,1,860,5,2,4,5,4,4,2,4,30
253,R_5bFPELMpJMQyvEW,4,1,1,1,100,1,4,2,1,3,1,2,2,16
255,R_2n87gcGqdIyK6s6,4,4,3,1,400,5,4,1,4,1,1,4,2,22
259,R_9GiJnF3uXEEjiTk,5,6,3,1,1500,5,1,5,4,4,5,4,1,29
260,R_enB32NmMGnprHue,7,3,4,1,800,1,1,5,3,4,2,2,1,19
261,R_cAC4Q58EpVyjA8K,4,2,1,1,1060,2,3,2,4,5,3,2,2,23
265,R_d0TWomm2C3RebWu,5,5,2,1,140,5,5,3,2,5,1,4,1,26
267,R_37Ya9lKMwXQ6c1U,5,3,4,1,1960,2,5,5,1,3,4,1,1,22
270,R_erNY0XPBJKaqLZ4,4,3,1,1,1940,4,4,1,4,3,4,4,2,26
271,R_ePbiZlaZtm88zY2,1,6,0,1,1160,3,3,5,1,3,1,4,3,23
272,R_5sRAZWuKXdQbJrg,6,6,0,1,1560,3,1,1,3,5,1,3,2,19
273,R_es4kW7oXMQv8o9o,4,7,0,1,1180,4,2,5,4,1,5,3,4,28
278,R_2s4pRZpLkPhwfZA,2,3,4,1,760,3,3,2,3,3,5,1,3,23
279,R_56V5OK10Sc2E0XI,5,7,4,1,960,3,1,1,2,2,4,3,5,21
280,R_6rIyMesPFkjTyS2,3,3,1,1,1660,5,3,5,3,4,1,3,4,28
285,R_7ZI2zf0BuEgbyxE,1,7,1,1,960,1,5,5,5,1,5,5,4,31
286,R_6rQ1KZ3nLn17DTM,6,5,1,1,1940,1,3,4,2,5,4,1,3,23
291,R_dj7RGppI9WzzPa6,4,4,4,1,1480,3,1,4,3,1,4,5,2,23
292,R_4MUmfecq4VPJ1DU,1,1,3,1,1320,1,1,5,5,3,4,1,5,25
293,R_3UvFkbPdPOjcgOG,1,1,4,1,640,4,3,1,5,1,2,2,4,22
295,R_0koVRN90B8huo2q,3,1,4,1,480,2,2,2,1,3,3,4,5,22
297,R_1HUjFyGjj9xfvWm,7,5,4,1,620,4,2,3,3,1,5,2,4,24
299,R_9NPDuqkfp096UhU,4,1,0,1,1120,2,4,4,4,4,3,5,1,27
302,R_0Iq6NQ4qHAwiTMG,1,2,3,1,2000,1,5,4,4,3,4,4,5,30
303,R_86oIm2U8elMN8R8,2,2,4,1,1000,3,4,4,1,3,3,5,2,25
307,R_cYAv4kpkgNMybyu,3,6,1,1,100,5,4,2,4,2,2,5,5,29
308,R_1NsQep2FNVUHMnY,7,2,0,1,580,3,5,1,5,3,3,5,1,26
309,R_e3dYp4Z78nU5bWC,1,5,1,1,420,2,4,4,2,1,2,1,5,21
311,R_6lJ19IDMRi26VqS,2,3,2,1,820,3,2,3,5,1,5,4,4,27
312,R_3eedpDGtiynP8LY,1,3,0,1,940,5,2,5,5,1,3,4,1,26
314,R_1Boj1IYOotmaGdo,1,3,0,1,820,5,3,1,5,5,4,5,4,32
317,R_4HOo7PgNtABmqgK,2,6,2,1,1280,3,4,5,4,2,1,3,4,26
319,R_a5ks1GppG2vNsvY,7,7,1,1,1760,1,5,1,2,5,3,5,2,24
321,R_9ohBSiPAAcBEeY6,4,1,0,1,1880,2,4,3,3,1,1,1,1,16
324,R_8deDnQiMFERdZlA,6,6,1,1,1040,1,2,2,5,4,4,5,3,26
326,R_0VvMievUY96aOzA,5,1,0,1,1760,5,4,4,1,3,1,5,1,24
327,R_a5BHp8xevS3EXae,6,7,2,1,1180,4,3,1,4,4,2,2,3,23
328,R_39n6dDko1v8REDc,4,3,0,1,40,5,2,1,1,1,5,1,3,19
329,R_8B9NHy4I8cjxm9E,2,1,2,1,1860,5,4,2,2,5,5,2,3,28
331,R_7Uk8KpCioyXfTv0,1,7,0,1,760,2,3,4,4,3,1,1,5,23
332,R_9HwYs6Q4gNUpUwu,5,6,3,1,1220,4,2,2,5,4,2,3,4,26
334,R_eLDwaMBLuyovseW,6,5,3,1,0,1,1,2,3,2,3,4,5,21
338,R_b3LdzPxvq3j4vWu,1,7,3,1,1420,3,1,5,5,2,1,1,4,22
339,R_73t2kqtERUC0ZjE,1,1,3,1,20,3,3,5,3,1,2,5,3,25
340,R_4OTwbhxpHXTBKPs,5,7,0,1,1420,4,5,4,5,5,1,2,1,27
341,R_8DkHYS1TCwXejQO,3,1,4,1,1300,2,3,4,4,1,4,4,2,24
344,R_9T4Grmr2diLrfsW,4,4,1,1,1740,1,4,5,1,5,2,2,5,25
345,R_b1tp9l3lOxuBToi,2,3,1,1,1200,5,4,1,2,3,2,3,3,23
346,R_082rb654o5J0oZ0,7,5,4,1,1600,1,2,3,4,3,3,4,2,22
347,R_4T9GOZXNlHj1JFI,6,4,2,1,1400,2,5,1,3,2,3,3,2,21
349,R_6h7QgNzqLbMDxno,5,3,1,1,1240,4,1,4,3,4,1,1,5,23
352,R_6eSHP4LgSeEF9Ou,2,3,1,1,140,1,2,3,2,5,3,5,3,24
353,R_396kzPipjg6p8ma,3,4,3,1,1720,1,5,2,4,2,2,1,3,20
356,R_6ujDzpPy7o7k4fk,7,3,4,1,1960,3,1,3,4,2,1,2,3,19
357,R_8j4nG8V8kA6LNlk,5,1,1,1,320,4,1,1,2,4,1,4,3,20
358,R_9TQkRhI1sa9BlCC,6,7,0,1,1480,5,5,2,4,3,4,3,3,29
359,R_enhem4X7QjOARXo,7,5,0,1,920,4,4,1,4,2,4,4,3,26
362,R_8BNiRMxu6chJkma,4,7,1,1,160,3,4,4,2,5,2,4,4,28
369,R_0ikw0IBBXLQDEua,6,6,2,1,360,5,3,1,1,5,5,2,5,27
370,R_6fBTCztMaE4MS10,1,2,1,1,1180,5,2,5,3,4,5,4,3,31
373,R_1N9pSIDzRXlgax0,1,1,3,1,960,2,2,1,3,5,1,4,4,22
376,R_8qseB6gDrIUAFHE,6,4,1,1,20,2,5,1,2,1,4,3,3,21
378,R_0wSmXWrEU4sYdbo,7,2,2,1,1500,2,3,3,4,2,4,4,3,25
381,R_0r0yoIZamwT3eWW,3,1,2,1,1980,2,1,3,3,2,2,2,5,20
382,R_9moIie8hELCBMEe,6,1,1,1,660,3,2,4,4,5,5,5,5,33
383,R_cOszkeEJPL9CtBI,2,5,2,1,1900,2,2,1,4,1,4,5,2,21
384,R_cu15BJnHsoy1GcK,4,2,1,1,360,4,2,4,5,5,5,4,3,32
386,R_bdYUQg1UhaHVf4W,2,3,2,1,1300,1,2,4,3,4,4,2,4,24
387,R_3IPvIwWeD4n2M86,4,4,2,1,380,3,2,3,2,4,2,1,5,22
388,R_00wTgsZrbR1vYUu,6,5,4,1,1620,2,4,4,5,1,3,4,4,27
389,R_8CDH3PAcQjen0Y6,3,3,2,1,180,4,3,5,3,5,3,2,4,29
398,R_aeIO1vpZ41MWlqC,2,3,0,1,1580,2,3,5,3,4,1,4,2,24
400,R_ahMNZaQe6GUJZ0a,2,4,0,1,740,2,3,3,4,2,5,3,1,23
401,R_5asCitRKxEGtfSe,1,2,4,1,1480,2,5,2,4,1,5,5,3,27
402,R_9LEU9GwrjA11XaS,5,4,4,1,1880,2,4,5,4,2,1,4,1,23
403,R_cYlRiuk6oWDp8V0,7,4,0,1,1100,2,2,2,3,3,2,4,4,22
406,R_eFoYfRUHQFXvCf4,1,1,1,1,600,5,2,5,2,1,1,5,5,26
407,R_aWvRRjveOJO0610,7,2,4,1,1360,3,3,1,5,2,5,1,5,25
408,R_eRNRDKuk2NlynhY,3,5,3,1,120,1,2,1,1,5,3,5,4,22
409,R_1SxaQrB0zqd768S,4,6,1,1,800,5,1,4,3,3,3,1,2,22
411,R_7QcxEm2DBopAIPs,2,6,0,1,580,4,3,2,3,4,5,2,1,24
412,R_brxbAkv1nh76gnA,7,1,2,1,1580,1,5,1,3,4,1,2,3,20
413,R_2hnbuXszoUWRL0y,5,4,2,1,640,2,4,1,3,3,2,4,3,22
414,R_798NmoOaHlna1tc,3,7,4,1,1220,5,4,4,5,5,5,3,3,34
415,R_diDVCbnT887CI7Q,2,3,4,1,600,1,3,4,5,1,2,3,2,21
417,R_7PUtQkW7fQMnMHA,2,6,4,1,200,4,2,1,5,5,1,2,2,22
418,R_4HhNIUDAvjhgQaG,2,3,1,1,1200,4,3,4,1,3,1,5,4,25
419,R_cIy0zxTah9vd1f8,5,6,2,1,1080,1,5,4,2,4,3,4,4,27
420,R_3n6qa8LcoQCHWRg,7,7,0,1,1800,1,5,3,4,2,4,5,2,26
421,R_dgnAtd61P2zvcwK,2,1,1,1,400,2,2,5,4,3,4,2,1,23
424,R_50dspA8AkYsnFBQ,5,3,2,1,200,5,1,1,5,3,2,4,3,24
425,R_6yBKp4i6VuFRDue,7,2,0,1,120,4,1,5,4,1,3,4,3,25
429,R_cZshpM6xYE778mG,5,5,4,1,1260,1,1,5,3,2,4,5,5,26
431,R_eXMjR37GbDZ9FpY,3,3,2,1,240,2,4,3,5,4,4,1,4,27
435,R_2bHD3MA2gslflUq,5,6,2,1,1000,2,1,1,4,4,1,3,5,21
436,R_3eJkZBN6qhj0vKC,1,2,3,1,1540,5,1,4,3,1,3,1,4,22
437,R_3DCQ6rtbDMcPWFo,7,5,3,1,1960,4,3,3,1,2,1,2,1,17
438,R_50x1PM2ceP7Abjw,3,1,1,1,1540,2,2,2,5,3,3,4,3,24
440,R_3DhwbT68df7D6aW,4,7,3,1,1900,5,5,3,4,5,2,4,4,32
441,R_6zBYMLYgT69OxZc,2,1,2,1,180,2,1,4,5,1,4,1,5,23
442,R_3xxveCDVJZe6Dga,7,1,0,1,1060,5,1,2,3,1,3,3,5,23
444,R_0UmL0UcRbJ6Z7Se,2,5,4,1,260,1,2,3,2,5,2,5,4,24
445,R_9vIpqpS381sA3hI,2,3,3,1,1740,1,2,1,4,2,1,2,2,15
446,R_d3WhnOeyQKGYzwa,6,6,0,1,1840,1,2,4,3,4,3,5,5,27
447,R_4OpWcZEjNeu7LsG,2,3,2,1,1600,3,3,3,1,1,3,4,1,19
448,R_2ueN0FnlYAPNk1w,1,5,3,1,940,5,1,2,3,3,3,1,5,23
450,R_6R6jVkIeZPGOEAe,5,1,3,1,640,2,4,3,5,4,3,2,3,26
452,R_8D0doR4K95zwsxo,6,3,4,1,1780,2,5,5,3,1,4,2,2,24
453,R_8FV4BSFqpLQEeEe,4,1,1,1,1740,1,4,3,4,1,5,4,3,25
455,R_bBj3JHTUQPPqGfc,4,5,3,1,2000,3,3,3,3,1,3,3,3,22
457,R_1Nrad1EnLxrqys6,1,2,3,1,280,4,5,5,2,5,2,2,2,27
458,R_3JBOZ4S03P3TDAG,6,7,0,1,1180,1,1,4,2,1,1,4,1,15
460,R_6uossfoHEqU95Eq,4,3,1,1,840,2,4,4,4,3,1,4,3,25
463,R_3mafWOhd52B3L7M,2,5,1,1,920,4,2,4,1,4,4,4,5,28
464,R_8wZXzGV4EAWPpuC,3,5,2,1,1900,4,4,3,3,2,4,5,2,27
465,R_37oXg6fHKiNm5xA,2,4,0,1,1660,1,1,3,2,4,4,2,5,22
466,R_0wd5Qq7YONa4GMK,7,1,0,1,1620,4,2,3,2,3,3,2,5,24
470,R_5vEoWvmCo7BNncG,7,7,4,1,1100,5,4,1,3,5,2,2,2,24
472,R_aWTK6D4Fl8bUgCO,4,6,0,1,1280,1,3,3,5,4,2,1,5,24
473,R_1X6hrkQVQe09yqa,7,1,2,1,120,4,3,1,4,5,5,5,4,31
474,R_3fN1M8X2zVTpvvg,3,2,0,1,860,1,5,1,4,5,5,4,4,29
475,R_6KgOIyQLYB6MDsO,3,1,4,1,1060,5,5,2,2,5,3,4,2,28
477,R_6XqCaFh3er242I6,5,1,4,1,840,1,4,1,5,4,5,5,5,30
479,R_a3hNRuWyCqQSbqe,6,1,4,1,920,3,1,5,2,3,4,3,3,24
480,R_b8xeFKIZtEqF4tE,6,6,2,1,1200,4,4,4,3,4,4,1,1,25
482,R_0AEgDP7b27jPUEe,2,6,0,1,500,3,5,4,3,1,4,2,4,26
484,R_cUqNEYD1w84dXNQ,5,4,4,1,1920,3,5,2,2,3,1,1,3,20
485,R_2bZSASvzfoilPsa,3,1,0,1,0,5,2,5,2,5,5,4,5,33
492,R_0krBNUuUFymfogK,6,7,2,1,1480,5,1,2,1,2,4,2,2,19
494,R_cIo2IcHQ5xtSBqS,4,1,2,1,1040,1,3,5,1,5,5,4,3,27
496,R_71cpC2JFrZBgBCu,4,5,2,1,1600,2,4,1,1,5,1,2,2,18
497,R_6zJ7RC7tfsejt3w,3,1,1,1,1220,3,5,3,2,2,2,3,1,21
498,R_4Mbg37UdZmHOhgi,4,6,4,1,1940,5,3,5,3,3,2,2,1,24
499,R_54QkEUKqJ7qRP94,7,1,2,1,1620,2,4,1,1,3,1,4,2,18
503,R_8CuXIjSnM9M9Vm6,3,7,1,1,1900,4,4,1,1,2,3,1,1,17
510,R_1Zgp56qfxxtJpki,6,1,0,1,120,5,2,4,1,3,5,4,3,27
513,R_6fKOzwJYnDCmPRA,6,5,0,1,1660,4,5,2,2,5,2,1,3,24
515,R_eD13Nbyp9hzNMGy,7,7,2,1,1220,2,1,1,2,2,3,3,5,19
516,R_9WyUxXPtUq6SVz8,6,1,0,1,1540,5,2,5,3,3,3,1,2,24
519,R_aXb6Ni0Ee0iDDym,2,2,0,1,560,2,3,2,1,3,5,4,3,23
520,R_9pLIyqfZhkmLnEy,2,3,4,1,260,5,5,1,2,5,1,4,4,27
521,R_9So49Yop9vZo05M,4,2,0,1,1340,2,2,4,4,5,2,1,4,24
523,R_2c5MqhmYxvCVTam,2,3,1,1,540,2,1,5,3,1,4,5,5,26
524,R_81aXLpL6b4srUKG,4,7,0,1,1780,3,3,5,3,2,2,5,5,28
525,R_2ctP6mqqLFFQ5Ia,6,7,1,1,300,5,4,5,3,1,2,3,5,28
526,R_3DxmCyJOg8CCG6a,5,3,4,1,1140,4,2,4,3,5,1,1,4,24
528,R_50jk6J1tWCGl8Jo,5,4,0,1,880,1,1,2,1,3,1,5,4,18
529,R_50UaY3nGnEFhuFE,2,1,3,1,1260,3,3,5,2,1,2,3,1,20
530,R_3Wf4baEJikgRhSC,2,1,0,1,1480,1,2,1,1,4,2,1,5,17
532,R_etjIhPRJGR70XeS,2,3,2,1,1800,1,3,2,4,2,1,3,3,19
533,R_0JsvPhhxnyuT3xA,5,2,2,1,140,4,1,5,3,4,2,5,4,28
534,R_abBamurzCE2DlS6,2,7,3,1,1880,3,1,5,3,1,2,1,5,21
536,R_doRGMFkn1GTYi46,3,2,4,1,1920,5,2,1,5,1,2,5,4,25
538,R_eFl30tHmhHeiIaa,3,6,0,1,520,1,1,3,5,3,5,2,4,24
539,R_d5zEWwAMwGUEMPY,2,1,4,1,1980,3,5,3,3,2,5,1,3,25
541,R_0q5MEUH9GDH9BSC,2,2,2,1,1820,4,1,3,5,2,1,5,1,22
543,R_aXVELk0P3PTbKrs,2,6,0,1,1080,3,1,5,2,2,4,4,1,22
546,R_2mnA3zETQpRT5OK,4,3,2,1,1920,2,4,3,1,1,5,5,2,23
549,R_0AmMEX38XsVne06,7,5,3,1,1260,3,5,3,1,2,4,5,1,24
550,R_eYjH8t1VdEsBxqK,1,3,0,1,1640,2,1,2,4,1,3,1,1,15
551,R_3duLA6J8AnqcyLc,6,2,2,1,1260,1,3,1,5,4,1,1,5,21
553,R_bOQ56sJMnoTg0M6,6,2,4,1,1080,2,3,4,3,4,1,2,4,23
554,R_bPp7p3kWzA2q3Ii,3,4,3,1,1880,1,3,4,3,3,5,5,4,28
555,R_ey6quupEqAuGmH4,2,4,3,1,1060,1,2,3,4,2,4,2,5,23
556,R_3IuzW3w0JMpbUgu,5,6,3,1,1580,3,5,5,5,2,5,5,3,33
557,R_8iVYDsqg6AQZ63I,6,7,3,1,1880,4,5,3,5,5,5,3,5,35
560,R_3WXVeGIPfUKz9BQ,6,4,0,1,1720,5,5,1,4,1,1,3,4,24
569,R_8CuJHYFkqGmIrzM,3,4,3,1,1880,4,3,5,4,1,4,5,4,30
570,R_blx83fQ3Jo38Q3s,1,7,1,1,780,3,5,3,2,4,4,3,2,26
573,R_cT8bg8gfTghNx0a,4,1,0,1,540,3,3,3,2,2,4,5,2,24
575,R_3Oejdshg0lIDCse,2,6,3,1,720,3,3,2,5,2,5,2,1,23
577,R_79cZsXmhF5ZcGcS,7,7,1,1,1220,5,3,5,4,2,1,1,3,24
579,R_6JBRMaAjRjcURWm,3,6,0,1,340,5,4,5,4,1,2,3,3,27
580,R_agGhdD4h9RnZWw6,1,6,3,1,60,3,3,2,5,3,2,4,3,25
581,R_9KY96fcRefaeAXI,6,7,2,1,80,2,5,3,4,4,4,2,1,25
583,R_ezmn2P823z9LLts,6,1,1,1,1500,4,2,2,1,1,3,2,1,16
584,R_7VcPW45vbSseLwa,2,7,3,1,1080,5,3,4,2,4,1,4,2,25
586,R_0ulsAtahWO841dc,7,7,1,1,1020,1,2,2,3,3,4,4,2,21
587,R_0jtFHOh0MHpCepg,2,1,1,1,140,1,1,1,2,4,5,1,5,20
588,R_e9yvgimNDlwgPH0,4,1,2,1,1520,3,4,2,5,3,3,3,3,26
589,R_9yu2DSnocUqWw4e,4,2,4,1,1180,4,2,1,3,2,2,2,5,21
591,R_2rWJuKCwEPz5ylg,1,2,1,1,1520,3,5,4,1,1,5,5,5,29
593,R_ehtXrlXGjSkqSt8,5,7,0,1,1520,4,3,4,2,2,2,2,5,24
594,R_3PLRlKPb04lPW74,2,6,3,1,1460,3,1,5,4,4,4,1,4,26
595,R_eJ6vJEP5yWiZsou,4,5,0,1,820,1,3,5,3,1,3,1,4,21
596,R_6RSlgFsdk8cMYaW,7,4,1,1,1520,4,5,3,3,4,5,1,4,29
600,R_4HgNvr0I1V7mmSa,6,3,1,1,460,1,2,2,3,1,4,2,5,20
601,R_8D00XpjIZ159PL0,7,3,2,1,1300,1,5,3,4,5,1,1,5,25
603,R_0wBBUAfdDtKI20K,2,3,0,1,540,5,2,3,1,2,1,5,4,23
604,R_5sF901hE43MViOq,1,1,1,1,720,1,1,1,3,3,1,1,5,16
606,R_brcYEuOcn6DbR9Y,3,5,4,1,400,5,1,4,4,3,4,2,3,26
607,R_7OnZmdzUFaP2ujA,5,2,3,1,1720,4,5,4,1,5,5,4,2,30
610,R_a9qLumMx6hUhgCa,3,4,2,1,1300,4,4,2,3,2,5,1,5,26
611,R_5psI6TmcjtUxg6a,1,4,4,1,140,1,3,3,3,1,3,1,4,19
614,R_38dfiucLkycAHfE,5,1,0,1,400,5,1,5,1,2,4,3,2,23
615,R_3t6vwlvRNutThsO,1,2,2,1,60,2,4,2,4,2,5,5,2,26
618,R_4Uh8zd2AKL8iJBs,4,5,3,1,280,5,5,3,3,3,1,2,2,24
619,R_ezgZ9HlqHb4affE,4,3,2,1,1960,3,5,2,5,3,5,1,3,27
620,R_9RHtpZuNgJs1MsS,2,5,2,1,680,4,3,4,3,3,2,5,5,29
621,R_7U8XHEXcmEOyMgC,6,2,0,1,920,4,2,5,3,4,4,2,2,26
623,R_cuLgwFXBV99VR4y,3,2,0,1,520,3,3,4,1,2,2,1,1,17
627,R_0GpmnVW3Of1Vl2u,5,4,3,1,880,1,5,2,5,5,1,3,4,26
628,R_cNtb0DPdlERrTGm,7,1,1,1,760,2,2,1,3,3,2,2,1,16
629,R_1KOHCUh7vEAUcCO,1,4,1,1,400,3,2,2,2,5,2,5,3,24
632,R_1N5FZsWK4g6JPPU,7,1,3,1,60,1,4,3,4,5,2,1,2,22
633,R_eR0VUWTKOXrsRzo,6,4,1,1,840,5,2,3,4,5,1,2,3,25
639,R_cOwEIHf0jkhYUt0,3,4,4,1,440,3,5,4,2,3,2,2,2,23
641,R_6yhsvnJw5bQeDBk,1,1,2,1,1580,3,1,3,1,4,5,3,3,23
643,R_8czAzEGhC1E16N8,4,4,4,1,900,5,2,4,3,2,3,2,2,23
644,R_eywVmtdRYUrcKnY,5,6,2,1,720,2,4,5,2,3,2,3,4,25
645,R_2l3SyGIQrNNjW5w,7,6,2,1,700,4,4,3,3,3,2,3,5,27
646,R_dczJb39vOxt7NgW,1,6,2,1,220,2,5,4,5,5,2,2,2,27
647,R_2rCHEePAeyT6FSu,3,5,3,1,1280,4,4,4,1,2,3,4,2,24
648,R_e4F858Wi82e6t5Y,6,6,0,1,1320,2,5,2,4,5,2,5,3,28
649,R_9vIRxG38WjkKB7w,1,6,4,1,1500,3,5,4,3,4,4,5,2,30
652,R_e3A9MB8XeroOySG,5,5,4,1,220,4,5,4,4,3,5,4,4,33
659,R_9uXEt9amGUJAofA,6,4,4,1,500,3,1,2,3,2,1,2,3,17
662,R_6JqwtRTN3qsDEG2,6,6,0,1,460,3,5,5,2,1,4,3,2,25
664,R_ebVmsh7OYVZf6NE,1,2,0,1,1720,3,2,3,4,5,4,4,4,29
665,R_9U2wIivqo2pVZfU,3,6,2,1,440,1,2,5,3,1,3,5,4,24
666,R_cDaGLQiFiSY4wZM,6,3,1,1,1780,1,5,5,2,1,3,3,5,25
669,R_0cwqcVyKYrSO47A,2,1,1,1,380,3,4,4,2,1,1,2,5,22
672,R_e4A7n3BuQaFmpKK,3,1,2,1,80,1,1,4,2,3,1,5,4,21
673,R_3watwJVqiBtmIzI,5,1,2,1,1760,3,1,1,4,4,5,1,1,20
674,R_8GolAvCeHXFSQpU,3,6,4,1,700,3,2,3,5,5,3,1,2,24
675,R_cxc8MCABW4zkwQK,7,2,0,1,560,4,1,1,1,2,2,5,5,21
680,R_afMATRqjbe24z5k,2,7,2,1,1820,1,2,1,4,5,2,1,4,20
681,R_aboeQgW95Os32lg,6,6,0,1,1660,2,2,3,4,5,5,2,4,27
683,R_8zYKuXkYvU9XNpc,4,5,1,1,60,5,2,2,1,5,4,2,1,22
687,R_bduacJD2S7buIKy,3,2,4,1,1160,4,2,2,2,1,3,5,1,20
690,R_3I7AiUvkpKSQ9Nk,5,3,4,1,400,2,3,1,4,1,4,2,2,19
691,R_39pgCDl1wt0yxJs,2,1,0,1,1760,4,5,5,2,5,2,5,5,33
692,R_6yaKuNtDHb3Ihuu,1,1,0,1,440,4,1,4,3,3,4,3,5,27
693,R_3JGbTaE043reTj0,2,6,0,1,40,5,5,3,2,2,3,1,2,23
694,R_8wxZ77K8aOvpQ4C,6,7,0,1,660,4,4,1,3,2,5,3,1,23
695,R_9NzyBwtT7hkkVzU,2,2,2,1,760,4,4,4,3,1,5,4,5,30
696,R_6icVlYBpvQ7OJx4,6,5,2,1,520,1,4,4,1,1,3,1,4,19
698,R_0dha9NE8WeETDOm,6,4,1,1,900,2,4,1,1,5,5,2,5,25
700,R_6RKWAZXPGrJEZpA,7,5,4,1,1200,1,2,1,3,2,1,2,4,16
701,R_87y11azTeIp2Zme,7,2,0,1,1300,2,1,3,3,3,3,2,5,22
706,R_9uXV3ZYKyyeILoa,4,4,0,1,260,2,1,3,1,2,4,1,1,15
708,R_0wDC2ByRDRoLJB4,1,7,2,1,720,4,1,2,3,4,3,2,2,21
709,R_0OmG9wpIMsLdJ6C,3,4,1,1,900,3,1,2,1,2,2,3,5,19
713,R_8f7EyYsOywdalRI,3,3,4,1,1520,3,3,2,5,1,2,5,4,25
714,R_eRqAflEanUz54TI,4,6,1,1,1160,5,3,5,5,2,2,5,3,30
715,R_6XqprUqVBxcFN66,6,4,2,1,1920,1,1,5,5,5,2,2,1,22
716,R_eW2OgxpEOE67Y7c,7,2,1,1,1180,4,3,2,3,4,1,3,5,25
717,R_1NCCY4pAcSMw5oO,1,5,4,1,1280,5,4,3,2,2,3,2,5,26
723,R_damZoRA2xYnpCqa,1,6,0,1,1580,1,3,5,2,3,5,2,4,25
731,R_0udBx8BBY9mKWl8,1,2,4,1,1260,4,1,1,5,1,5,1,4,22
734,R_1U4ArVuvaEUXvOm,4,7,1,1,820,4,1,2,2,2,3,4,1,19
736,R_9MmG6xUW6p7WCfs,1,1,0,1,1100,4,4,1,1,2,2,2,3,19
737,R_1LEh4Z83FBDtsdo,2,2,1,1,140,5,5,3,5,5,5,1,5,34
741,R_0xPCbXctQEaHbme,2,4,1,1,1060,3,1,1,4,1,3,4,4,21
742,R_0VxqfN623SH0kXc,7,2,0,1,860,5,3,1,5,2,3,3,5,27
745,R_dcElX9xfGsLqeDc,6,5,2,1,1920,3,5,3,5,3,5,2,1,27
747,R_eljsaq8DOE6kRYW,6,4,0,1,1940,1,4,3,2,5,1,5,1,22
748,R_d6F1ycmJ9GDWksu,3,4,2,1,1860,3,4,2,3,1,2,5,2,22
749,R_7Pewi0rBMo89PfM,6,3,4,1,1340,4,2,2,2,3,1,3,4,21
754,R_38aeqRqImUkv5TE,1,3,3,1,1840,5,2,5,4,5,1,4,4,30
755,R_7PNrOJiPyNSut6u,1,3,3,1,360,2,3,4,4,1,2,5,2,23
756,R_d4iaSQ9syz09dSS,6,6,1,1,100,4,1,3,2,4,5,2,3,24
763,R_eyyBrp4ztKLA1eu,5,2,1,1,40,3,2,2,3,5,5,2,3,25
765,R_3If7yhi6EFDZh6S,2,3,2,1,1580,1,3,5,4,1,4,4,1,23
766,R_9BIWGToAQfCnNAi,7,6,0,1,1340,1,1,3,5,1,2,3,3,19
767,R_7U97BLxP9m7Si9w,1,4,0,1,180,4,5,4,4,4,5,1,3,30
770,R_4Ue7LFx6HEK1LBc,1,5,4,1,1740,4,1,5,4,3,4,1,3,25
773,R_blbbb2474L9WfA2,7,7,0,1,500,3,4,3,2,1,1,2,3,19
779,R_bmjvnYkzhCmGf4i,7,2,3,1,280,2,5,1,3,4,3,1,3,22
781,R_54LW1cBAROyNnL0,5,4,3,1,1580,1,5,4,1,2,3,3,1,20
789,R_5ywBinnVBZre2c6,4,3,4,1,1700,4,2,2,1,2,4,4,3,22
790,R_1KWrYnujaCKqL1c,4,2,2,1,80,2,2,3,2,4,2,2,1,18
791,R_4G8iVs74nM4ROC2,2,6,4,1,1600,4,3,3,3,3,3,4,4,27
794,R_cIRxRfOhX5mBhWK,2,3,4,1,40,3,5,5,4,5,5,4,3,34
795,R_cBGoHgGPqBSlCvA,3,3,0,1,1820,1,5,1,4,3,1,2,4,21
797,R_0qVpDpMZb6xteqG,1,3,4,1,800,1,1,4,3,4,4,4,3,24
799,R_8uibp6mzps6ropw,5,4,2,1,180,4,2,3,5,2,4,1,1,22
800,R_bsjjjROzCyr3Iua,3,7,2,1,1820,5,1,5,4,3,1,4,2,25
803,R_aaOV1gK66gzQkZM,7,3,4,1,20,2,4,2,4,2,3,2,5,24
804,R_emNULZ0epz7cGIm,6,7,2,1,1880,1,4,1,4,2,3,3,5,23
808,R_2sZiRyugr8EmEWq,1,5,1,1,1340,5,1,2,5,5,1,4,3,26
810,R_2lCOvH7x5CmaoVo,4,4,0,1,540,5,4,3,2,5,1,4,3,27
811,R_8H7JBodUenlH4vI,1,4,4,1,2000,4,1,5,3,4,4,4,1,26
812,R_25GkDbj2INoDVye,1,7,0,1,1420,1,4,5,2,3,4,4,5,28
813,R_6DSvQcLJyDUCGdo,2,4,1,1,1460,3,5,2,1,5,2,4,4,26
814,R_3WNFpfnE5eNnHAq,6,5,2,1,780,1,1,1,4,3,1,3,1,15
817,R_aWxeZ890jXCihAG,4,5,0,1,1180,1,4,2,5,2,5,1,4,24
821,R_5jLRZyvDLRgNb8y,6,2,3,1,760,1,1,2,4,3,5,2,3,21
824,R_40ZcSjohZe5ECns,6,1,2,1,1220,5,5,4,2,4,5,5,2,32
826,R_0jodO8igB865xm6,3,6,0,1,940,4,1,3,5,4,3,1,1,22
827,R_eakpOvYeQpOXqAe,4,6,1,1,220,3,2,3,5,3,4,2,3,25
828,R_4ZW4OzHqzkl4iQ6,2,4,4,1,1200,1,5,1,3,2,2,3,4,21
829,R_9pfxlj7HbBZSaH4,6,4,4,1,1660,2,2,1,3,3,1,2,5,19
832,R_dcHg8JEDqVQuOTc,7,7,0,1,1900,1,5,4,4,5,1,1,4,25
838,R_eb4hc14QAooAwei,6,5,0,1,1380,5,3,1,2,4,1,2,3,21
842,R_556l4nqmuD4dfro,2,7,2,1,320,5,4,3,5,3,3,5,2,30
844,R_3XlFSGLwkONSzMa,2,6,3,1,1400,1,5,4,3,3,3,5,3,27
847,R_8eq2tL9tXb3HBBk,2,5,4,1,120,3,1,2,3,4,5,5,5,28
851,R_d6TbDFPhG52nCRw,3,7,3,1,1760,5,5,2,1,3,1,2,4,23
856,R_bswPArlR4A7iotg,1,4,2,1,540,4,3,5,3,3,1,4,2,25
857,R_5d4t8JB752D07Gu,3,2,1,1,980,1,4,3,2,3,4,5,1,23
858,R_25nwPih1RcVp8hg,5,1,0,1,1680,4,1,4,2,1,3,1,3,19
859,R_egM3KHWv1mS95d4,7,6,2,1,700,2,3,1,5,1,1,5,3,21
860,R_3lYNhXRz1PM7z6K,3,2,0,1,20,3,4,1,1,1,2,4,3,19
861,R_bwTyCVl8kCBQ6yi,3,5,4,1,1440,4,2,1,4,2,4,3,1,21
863,R_24vxG2X57CkoVPo,5,6,2,1,1040,2,5,5,4,2,5,4,2,29
864,R_3wMo6ynxaXGq6IC,7,3,4,1,1960,1,1,5,5,3,4,4,2,25
865,R_3fmLuiTrCkXm7fo,2,7,1,1,240,4,4,5,5,3,1,5,2,29
866,R_41vnEdFsWFaexpQ,1,4,3,1,280,2,1,4,3,5,4,3,4,26
867,R_6KK7TdXyjtaoys6,4,2,0,1,1140,1,4,5,4,3,2,1,5,25
868,R_3Rj2Wrfgq4n97FA,7,4,1,1,720,2,5,3,3,2,3,1,2,21
869,R_bDWT5Cufjf45tXw,6,2,0,1,1000,1,3,3,4,2,4,2,2,21
870,R_0D36sn2HPWdPKuy,7,4,2,1,1380,1,2,5,5,2,3,1,4,23
873,R_7UlLrGn6rDtFHKu,1,5,4,1,880,1,5,3,1,2,1,4,2,19
880,R_9BupewQZBpRpN5Q,6,2,1,1,320,1,4,5,5,5,5,1,4,30
881,R_bOZVTzcXdEtu2I6,1,5,4,1,780,4,4,4,1,3,3,2,3,24
884,R_9tMVhMyUtvwXDG6,3,5,3,1,1580,2,3,4,2,3,4,3,3,24
886,R_cPhNuXeqTIB9awC,4,2,4,1,1920,2,4,4,2,2,4,3,1,22
888,R_6YENNLHguZ693Cu,2,6,4,1,1780,3,5,2,1,4,5,2,2,24
889,R_cIMMEhIKLlDcnZ4,5,5,2,1,800,3,1,3,2,1,4,2,4,20
890,R_78qTyZd3YjY7gea,6,4,2,1,2000,3,1,3,3,5,4,5,2,26
891,R_9WR2kijaMXBZxQO,4,3,2,1,1860,5,1,2,5,5,4,1,2,25
892,R_b7P4O1Lm355G8JM,2,2,2,1,1220,3,4,4,3,2,3,4,1,24
893,R_56kE1JOnZnuCvCm,5,7,0,1,240,4,4,4,1,3,4,3,4,27
894,R_1NRSIE6v7wBB73o,1,7,4,1,1200,5,2,1,5,5,5,2,3,28
897,R_72QRMMeXR9bhAoK,3,5,1,1,1500,2,2,2,3,5,1,1,2,18
898,R_8uffzqE8liZh0Bo,3,5,1,1,20,2,5,5,5,2,4,5,5,33
899,R_9LALt0CvEfHy6oK,7,5,2,1,1860,1,3,5,2,3,4,1,1,20
900,R_2gxLSwGkJRqOvps,4,7,4,1,980,4,5,3,1,4,4,5,1,27
902,R_0vmErYInhzoSqUK,7,7,1,1,40,1,2,5,1,4,5,3,3,24
903,R_3POW1EZW5wQWERM,3,7,4,1,1280,1,3,3,2,3,5,1,2,20
904,R_7UTSISZFqY0XodE,5,1,0,1,800,1,4,5,2,3,1,4,5,25
905,R_bJCb9Kdubz1LYmq,3,2,2,1,1760,4,5,3,2,4,5,5,4,32
906,R_eQzTsjb6vMtxFtA,4,1,4,1,1260,3,3,3,3,3,4,4,4,27
911,R_3HO7STwK5Z0FaV8,6,1,2,1,520,1,3,3,3,4,1,2,4,21
912,R_ahZSZhp0sIRuDMW,3,7,0,1,1640,5,2,1,2,1,1,3,3,18
913,R_1zit8DkEjJH0vRQ,7,5,4,1,1320,2,3,4,3,4,2,5,5,28
914,R_9v1fNoPwV2tQTdA,6,5,3,1,1000,2,2,2,5,2,3,3,2,21
915,R_0jo0XtiyBXjJgqy,5,7,4,1,1840,5,1,3,1,5,4,2,3,24
919,R_02IrP6jUwyglT9Q,7,2,4,1,520,3,4,3,4,2,1,2,4,23
920,R_b8BrsSCjStvGYia,2,2,4,1,1860,4,4,1,4,5,3,5,4,30
921,R_5A0Ef3wdUl5m6fs,3,1,4,1,1460,1,2,2,1,2,1,2,2,13
922,R_8tR1riOHGZBgmZ8,2,7,2,1,1140,4,4,4,1,2,2,2,2,21
924,R_2n6vyTMfkc0A7hY,4,4,3,1,1800,4,2,2,1,3,2,3,1,18
925,R_8q2wR02aTHqefiK,2,6,2,1,280,5,3,4,2,4,2,1,1,22
927,R_agfSiC3usRMQ5Dg,3,4,3,1,940,1,5,2,1,4,4,4,5,26
928,R_bvzUqBkCGm8nHSe,6,5,2,1,2000,1,2,2,2,2,5,4,4,22
929,R_3PolYG3b9RCeet8,6,3,1,1,1380,1,5,1,3,2,4,4,1,21
930,R_a2C7YOrzmbIc5tY,2,5,3,1,360,1,4,3,1,5,4,2,4,24
931,R_emTzJXpb3hCtjim,5,5,0,1,320,5,3,3,1,4,3,1,1,21
932,R_a4v0xMPLjYdUqh0,2,7,2,1,360,3,4,5,1,1,4,3,4,25
935,R_3yHt0UgirLbt2Um,3,2,0,1,1480,1,4,5,5,4,2,5,4,30
936,R_50ftk9BGS74pbxk,6,1,1,1,200,1,2,2,1,1,4,2,1,14
937,R_4SoRqSqRB2svlA2,7,5,3,1,1520,5,2,1,3,3,2,1,2,19
938,R_ablqKoU9v27Znim,5,7,4,1,840,1,4,3,1,1,1,1,3,15
939,R_8q6MdhKW7ProS0K,5,1,1,1,1740,1,5,5,1,3,4,1,5,25
940,R_0f8ZPGt7s8AHaZ0,3,6,1,1,1220,1,3,1,2,4,4,5,1,21
942,R_2rgVHpcnwnQsgNU,5,2,1,1,300,4,3,1,1,5,2,1,1,18
943,R_2hNUslSXUst5XYW,6,6,3,1,140,1,3,5,4,2,1,4,3,23
944,R_ensUu8c6hXfeQSi,7,7,0,1,200,1,5,3,1,3,4,2,2,21
950,R_b9NPaT6IlhcytgO,2,6,4,1,1080,1,4,1,3,2,1,5,2,19
951,R_42b7B9CXt2U7vJI,1,3,2,1,600,3,4,4,1,1,4,3,1,21
952,R_cXQEKi4clD55HJY,3,7,1,1,1320,5,2,5,4,2,1,1,3,23
953,R_bg6WwqhVOjNc6sC,6,7,2,1,700,3,2,4,2,1,3,5,1,21
958,R_6yYlz91XYYvvrVA,4,6,4,1,1180,4,5,5,3,1,3,5,2,28
961,R_1TWafh0Z01atUuq,3,2,4,1,1440,3,4,4,1,5,2,1,3,23
962,R_cNmRFIZjxqr5PLw,5,7,0,1,60,4,1,3,5,2,2,4,3,24
964,R_0eN2FgkX1w7q87A,2,1,2,1,560,1,1,5,5,3,3,3,2,23
967,R_2ipBh1yjcoOZJwG,1,1,4,1,540,3,3,2,1,3,4,1,3,20
969,R_02Oteo5CoUbb9k2,4,2,2,1,1620,5,5,2,4,1,2,1,4,24
970,R_eRuEQHz4ibK39Cm,1,2,2,1,40,2,5,5,5,4,2,3,4,30
972,R_6saUCb0xAFmzqSO,2,6,4,1,820,3,4,2,2,2,1,3,5,22
975,R_29agxBmaMUFScu2,3,5,0,1,20,3,5,2,5,4,5,4,4,32
976,R_6nfIgyyMdEdtSyq,7,3,3,1,920,4,4,1,5,5,2,4,5,30
978,R_bdOFxFGZOjpJphc,3,6,0,1,1200,5,1,4,2,1,1,2,2,18
981,R_8uAEB7XvkMaitOS,3,7,2,1,1500,4,3,3,2,3,5,5,5,30
984,R_9mY1dDOF054qF9Q,1,5,1,1,2000,2,1,5,2,4,2,3,5,24
985,R_0xnKLVBtArB3Duu,2,3,4,1,1060,5,3,1,1,3,1,3,3,20
986,R_d0wlLXtBQNN98kS,2,7,0,1,480,3,2,2,4,3,5,5,1,25
987,R_6FmX9lgh9DoHYTc,3,3,4,1,700,5,2,4,5,5,3,5,5,34
991,R_9SvJ5XfJBED8GIm,3,4,0,1,440,1,4,5,2,3,4,4,2,25
995,R_eSdwdo29cugvmpE,3,2,1,1,1280,1,1,1,4,2,1,3,4,17
997,R_3Kvvl1m843FVhI2,7,3,0,1,1600,5,1,4,2,4,3,2,1,22
998,R_age2zhND2ElZI10,5,5,1,1,1040,3,4,1,4,1,1,2,2,18
999,R_e3gXpFdKMyWxHKK,4,6,4,1,1860,1,3,3,2,1,2,1,5,18
1000,R_afVbGQxHnPzy80S,1,4,4,1,1080,5,1,3,1,5,3,2,1,21
1002,R_erme02vtApm4cXY,2,7,3,1,1880,5,3,1,4,1,4,1,1,20
1003,R_b8gukHBnO90v5P0,1,7,2,1,780,5,2,1,1,4,3,5,3,24
1007,R_cZLKtOvJrPGGaNw,6,4,4,1,480,4,5,2,3,5,1,4,2,26
1009,R_ddwujO6SMra2nZ4,7,1,3,1,1180,4,1,1,2,4,3,1,4,20
1010,R_2sfN6NSQpb9ZsCG,7,2,0,1,260,3,5,1,2,3,4,1,5,24
1012,R_8BrJCifnWpe9PW6,5,7,0,1,1380,2,4,4,4,1,5,4,3,27
1013,R_0exN7g7POeksB8O,4,7,1,1,1700,1,1,5,2,4,2,2,5,22
1014,R_08u37HESN6FBQaO,7,6,4,1,2000,3,4,1,2,1,2,2,4,19
1015,R_etYfGtMCC1NY6YC,4,4,1,1,480,2,2,1,5,1,2,3,5,21
1016,R_dajNBQ7TYcDAVO6,6,1,3,1,1120,2,2,3,1,5,3,3,3,22
1020,R_2t2bz2L8BZdi6Tc,4,2,1,1,1540,3,2,3,3,4,4,5,1,25
1021,R_bmzBovclYusdGzs,2,2,0,1,220,1,3,2,5,3,2,5,3,24
1022,R_a2yZqn15SE3aKjA,1,6,3,1,1720,4,4,4,4,2,4,4,4,30
1023,R_3ldH8dQF5fnA4S2,1,3,4,1,440,4,3,4,4,1,4,3,1,24
1024,R_1ReLjzIIEebiL9c,1,7,4,1,1400,1,3,4,1,1,1,4,5,20
1025,R_5ihbTUIGVuQNTGm,4,6,1,1,1360,5,2,4,2,4,4,1,1,23
1026,R_eUHjid5LAMP2oqa,6,7,0,1,1140,2,2,4,3,3,4,3,4,25
1027,R_3l86WmbUSObac6i,4,6,1,1,280,1,5,2,4,1,4,3,2,22
1028,R_5nF3CjhGgCG0ixM,4,7,2,1,920,1,2,1,3,3,1,1,1,13
1029,R_8v8CEYam4caWjnE,4,4,2,1,1160,3,1,2,1,3,5,4,5,24
1030,R_b7XsDfGyE88Mdh4,5,3,0,1,160,5,2,2,1,5,2,5,4,26
1032,R_40Ly3W1l5XNsqTc,7,4,1,1,180,4,3,2,2,1,2,3,4,21
1033,R_2i5gzm92SHFAfeC,4,5,2,1,1640,2,1,1,3,2,5,3,1,18
1034,R_6JsqC2McvlT6VFA,4,4,3,1,100,3,3,5,3,3,5,4,5,31
1036,R_01DoKGe9nTogUgS,4,6,3,1,20,5,5,3,2,5,2,2,2,26
1037,R_3wywXq1nXMkZQRo,4,7,3,1,440,4,1,3,4,1,3,2,5,23
1044,R_cI0lo0rTG6lQlW6,3,7,0,1,780,4,2,5,1,2,5,2,4,25
1046,R_9sFQzFZcfLQkYwC,7,4,4,1,1020,1,5,3,1,3,4,1,5,23
1047,R_37TRBcJE6TjXdtA,3,5,2,1,1560,5,1,5,3,5,1,3,2,25
1049,R_71cqwhEewvyImxw,2,7,3,1,1900,3,2,1,1,2,2,5,3,19
